cuisine,num_recipes,avg_total_ingredients,avg_luxury_score,pct_dairy,pct_meat,pct_poultry,pct_seafood,pct_vegetable,pct_fruit,pct_grain,pct_sweetener,pct_fat,pct_spice,pct_herb,pct_nut,pct_legume,pct_baked goods,pct_seasoning,pct_condiment,pct_beverage,pct_dessert,pct_aromatic,pct_pasta,pct_seed,pct_egg,GDP_2010,GDP_2022,GDP_growth,GDP_Class,sub_region,PCA1,PCA2,cluster
Afghanistan,5,10.0,0.8,0.4,0.6,0.2,0.0,0.4,0.0,0.0,0.4,0.2,0.8,0.0,0.0,0.0,0.0,0.8,0.2,0.6,0.0,0.6,0.0,0.0,0.2,560.621505463146,357.261152798144,-0.3627409057328259,Low Income,Southern Asia,-0.6075617604072902,-0.4478271892789471,1
Algeria,9,14.0,0.2222222222222222,0.0,0.2222222222222222,0.1111111111111111,0.0,0.5555555555555556,0.2222222222222222,0.0,0.2222222222222222,0.7777777777777778,0.4444444444444444,0.3333333333333333,0.0,0.0,0.0,0.8888888888888888,0.0,0.7777777777777778,0.0,0.3333333333333333,0.0,0.0,0.1111111111111111,4912.78585503672,4961.55257664733,0.0099264903966072,Upper-Middle Income,Northern Africa,-0.6364101883375167,0.4282749700016208,1
Argentina,30,8.633333333333333,0.2333333333333333,0.0333333333333333,0.1666666666666666,0.0,0.0333333333333333,0.2333333333333333,0.1,0.1333333333333333,0.1,0.7666666666666667,0.5,0.2,0.0,0.0666666666666666,0.0,0.8333333333333334,0.0666666666666666,0.4,0.1666666666666666,0.5,0.0,0.0,0.3666666666666666,10260.1313108254,13935.6811110049,0.358236136442177,High Income,South America,-0.8993506883210416,-0.1043545430460224,1
Armenia,16,7.25,0.375,0.0625,0.3125,0.125,0.0,0.5,0.1875,0.125,0.1875,0.5625,0.375,0.25,0.0625,0.0,0.125,0.75,0.0625,0.4375,0.0,0.5,0.0,0.0625,0.25,3041.34450723339,6571.97445545099,1.1608780063621589,Upper-Middle Income,Western Asia,-0.8682695966483637,0.6926462135049927,1
Australia,18,12.944444444444445,1.8333333333333333,0.1111111111111111,0.2222222222222222,0.0555555555555555,0.0,0.1111111111111111,0.3333333333333333,0.2777777777777778,0.5555555555555556,0.5555555555555556,0.2777777777777778,0.0555555555555555,0.0,0.0,0.1666666666666666,0.3888888888888889,0.3333333333333333,0.6111111111111112,0.0555555555555555,0.2777777777777778,0.0,0.0,0.4444444444444444,52144.6654705468,64997.0136536475,0.24647484200201,High Income,Australia and New Zealand,2.223624609841611,-1.0196039702523458,2
Austria,18,8.166666666666666,1.0,0.0555555555555555,0.0,0.0,0.0555555555555555,0.1111111111111111,0.3888888888888889,0.0,0.5555555555555556,0.6111111111111112,0.5555555555555556,0.0,0.2222222222222222,0.0555555555555555,0.2222222222222222,0.6111111111111112,0.0,0.5,0.1111111111111111,0.0555555555555555,0.0,0.0,0.7777777777777778,46611.1393420232,52176.6649141178,0.1194033368559367,High Income,Western Europe,0.5886302074693612,-1.3678724477320934,2
Bahamas,4,9.0,0.0,0.0,0.25,0.25,0.0,1.0,0.25,0.25,0.0,0.25,0.5,0.25,0.0,0.0,0.0,1.0,0.0,0.75,0.0,1.0,0.0,0.0,0.25,,,,Unknown,Caribbean,-1.4698729510659354,-0.0853315626737242,1
Bangladesh,12,26.58333333333333,2.25,0.1666666666666666,0.25,0.0,0.3333333333333333,0.5833333333333334,0.0,0.0833333333333333,0.25,0.9166666666666666,1.0,0.25,0.0833333333333333,0.0833333333333333,0.0,0.6666666666666666,0.1666666666666666,0.6666666666666666,0.0833333333333333,0.8333333333333334,0.0,0.1666666666666666,0.0833333333333333,757.385280361508,2716.48592677835,2.5866632178034177,Lower-Middle Income,Southern Asia,3.2370829298524293,4.489945521126003,3
Barbados,1,4.0,1.0,0.0,0.0,0.0,0.0,0.0,0.0,0.0,0.0,0.0,1.0,0.0,1.0,0.0,0.0,0.0,0.0,1.0,0.0,0.0,0.0,0.0,1.0,18860.3833703309,22164.0260273876,0.1751630702403235,High Income,Caribbean,-0.4318240847779022,-1.1776393983625355,2
Belarus,1,6.0,2.0,1.0,0.0,0.0,0.0,0.0,0.0,0.0,0.0,1.0,0.0,0.0,0.0,0.0,0.0,1.0,0.0,0.0,0.0,1.0,0.0,0.0,0.0,6034.67885177216,7994.64806074889,0.3247843434785532,Upper-Middle Income,Eastern Europe,0.5496748811076297,-0.5845326118805989,2
Belgium,19,7.0,0.5789473684210527,0.1052631578947368,0.1578947368421052,0.0526315789473684,0.0,0.1578947368421052,0.2631578947368421,0.1578947368421052,0.4210526315789473,0.7368421052631579,0.5263157894736842,0.0526315789473684,0.0,0.0526315789473684,0.0,0.9473684210526316,0.1578947368421052,0.5789473684210527,0.1052631578947368,0.2105263157894736,0.0,0.0,0.5263157894736842,44197.393671162,50807.2047084918,0.1495520547321908,High Income,Western Europe,0.0121289300878821,-1.3994949118418882,2
Belize,3,10.0,0.3333333333333333,0.0,0.0,0.3333333333333333,0.0,0.6666666666666666,0.3333333333333333,0.3333333333333333,0.3333333333333333,0.6666666666666666,0.6666666666666666,0.0,0.0,0.3333333333333333,0.3333333333333333,0.6666666666666666,0.0,0.6666666666666666,0.0,0.6666666666666666,0.0,0.0,0.3333333333333333,5451.13897172477,7068.45478269722,0.2966931900583562,Upper-Middle Income,Central America,-0.8137164720431541,0.1476388414859601,1
Bhutan,1,14.0,0.0,0.0,0.0,0.0,0.0,1.0,0.0,0.0,0.0,1.0,0.0,0.0,0.0,0.0,0.0,1.0,0.0,1.0,0.0,1.0,0.0,0.0,0.0,2435.57980661188,3711.32767902157,0.5237963744593428,Lower-Middle Income,Southern Asia,-0.7830764868123743,1.0176708320064418,1
Bolivia (Plurinational State of),2,13.0,0.0,0.0,1.0,0.0,0.0,1.0,0.0,0.5,0.0,1.0,0.5,0.5,0.0,0.0,0.5,1.0,0.0,1.0,0.0,1.0,0.0,0.0,1.0,,,,Unknown,South America,-1.0717255956668894,0.4298879913206181,1
Bosnia and Herzegovina,1,3.0,3.0,1.0,0.0,0.0,0.0,0.0,0.0,0.0,0.0,0.0,0.0,0.0,0.0,0.0,0.0,0.0,0.0,0.0,0.0,0.0,0.0,0.0,0.0,4506.47828548389,7655.59421024383,0.6987975366271622,Upper-Middle Income,Southern Europe,1.3664354822637266,-0.7117746063656037,2
Brazil,24,6.708333333333333,0.5,0.0833333333333333,0.25,0.125,0.0,0.2916666666666667,0.25,0.0833333333333333,0.3333333333333333,0.5,0.375,0.2083333333333333,0.0,0.0833333333333333,0.0,0.6666666666666666,0.0416666666666666,0.5833333333333334,0.0416666666666666,0.4166666666666667,0.0,0.0,0.25,11403.2821284616,9281.33334441234,-0.1860822840428599,Upper-Middle Income,South America,-1.0260682100059078,-0.8475348058168202,1
Bulgaria,3,8.333333333333334,0.0,0.0,0.3333333333333333,0.3333333333333333,0.0,0.6666666666666666,0.3333333333333333,0.3333333333333333,0.0,0.6666666666666666,0.3333333333333333,0.3333333333333333,0.0,0.0,0.0,0.3333333333333333,0.0,0.0,0.0,0.3333333333333333,0.3333333333333333,0.0,0.0,6863.66706774052,13644.201582807,0.9878880266403413,High Income,Eastern Europe,-1.0428040196828088,0.5462707811464006,1
Cambodia,5,8.2,1.6,0.0,0.0,0.4,0.8,0.4,0.6,0.2,0.4,0.4,0.0,0.0,0.0,0.2,0.0,0.4,0.4,0.6,0.0,0.6,0.0,0.0,0.0,952.274616324008,2325.03050040841,1.4415546319858288,Lower-Middle Income,South-Eastern Asia,0.4755608371450926,1.0343694800784302,3
Canada,164,8.408536585365853,0.9329268292682928,0.2256097560975609,0.2012195121951219,0.0914634146341463,0.0609756097560975,0.274390243902439,0.1341463414634146,0.0914634146341463,0.3658536585365853,0.4817073170731707,0.4146341463414634,0.1097560975609756,0.0121951219512195,0.0182926829268292,0.0914634146341463,0.573170731707317,0.2256097560975609,0.4451219512195122,0.0670731707317073,0.4268292682926829,0.0,0.0121951219512195,0.2560975609756097,47560.6666009406,55509.393176404,0.1671281574364266,High Income,Northern America,0.6216892030650883,-1.3526063169106888,2
Central African Republic,1,14.0,0.0,0.0,0.0,0.0,0.0,1.0,0.0,0.0,0.0,1.0,0.0,0.0,0.0,0.0,0.0,1.0,0.0,1.0,0.0,1.0,0.0,0.0,0.0,476.873786950728,467.359825026238,-0.0199506917445076,Low Income,Middle Africa,-0.96686317990595,0.5276372291452023,1
Chile,24,12.5,0.75,0.0,0.2083333333333333,0.0833333333333333,0.0,0.2083333333333333,0.3333333333333333,0.125,0.375,0.4583333333333333,0.3333333333333333,0.0833333333333333,0.0,0.0,0.0,0.5833333333333334,0.0,0.4583333333333333,0.0,0.375,0.0,0.0,0.2916666666666667,12632.8704725219,15451.1319576678,0.2230895576168518,High Income,South America,0.0259245343962361,0.1502634942859515,1
China,213,13.014084507042254,1.3849765258215962,0.0093896713615023,0.3568075117370892,0.3615023474178404,0.2347417840375587,0.380281690140845,0.0751173708920187,0.6291079812206573,0.4647887323943662,0.6338028169014085,0.1877934272300469,0.0234741784037558,0.107981220657277,0.0751173708920187,0.0093896713615023,0.4553990610328638,0.5633802816901409,0.5305164319248826,0.0093896713615023,0.6291079812206573,0.0,0.0328638497652582,0.2629107981220657,4550.47394356715,12662.5826712038,1.7826953473944096,Upper-Middle Income,Eastern Asia,1.0168989884945994,1.80582902590654,3
Colombia,10,10.5,0.9,0.1,0.1,0.0,0.0,0.3,0.1,0.0,0.3,0.7,0.2,0.1,0.0,0.1,0.1,0.8,0.0,0.6,0.0,0.3,0.0,0.0,0.2,6398.2958447102,6674.59601948063,0.0431834009361823,Upper-Middle Income,South America,-0.2362258462575761,-0.1179884094599051,1
Costa Rica,3,5.666666666666667,0.6666666666666666,0.3333333333333333,0.0,0.0,0.0,0.3333333333333333,0.0,0.3333333333333333,0.3333333333333333,0.3333333333333333,0.3333333333333333,0.6666666666666666,0.0,0.6666666666666666,0.0,0.6666666666666666,0.0,0.3333333333333333,0.0,0.3333333333333333,0.0,0.0,0.0,8265.78820275582,13625.9008491328,0.648469633493623,High Income,Central America,-0.6870862207977548,-0.2379853130003224,1
Croatia,2,7.5,0.5,0.0,0.5,0.0,0.0,0.0,0.0,0.0,0.5,0.5,0.5,0.0,0.0,0.0,0.5,1.0,0.0,1.0,0.0,0.5,0.0,0.0,1.0,13731.2865213989,18466.0955472648,0.3448190392420367,High Income,Southern Europe,-0.6439731400979662,-0.4012899018021053,1
Cuba,69,10.46376811594203,0.3623188405797101,0.072463768115942,0.2898550724637681,0.1159420289855072,0.0289855072463768,0.3768115942028985,0.4927536231884058,0.1014492753623188,0.1739130434782608,0.6376811594202898,0.5507246376811594,0.463768115942029,0.0,0.0869565217391304,0.0579710144927536,0.6521739130434783,0.1884057971014492,0.4782608695652174,0.0144927536231884,0.5652173913043478,0.0,0.0,0.0289855072463768,5272.26755824835,,,Unknown,Caribbean,-0.9466892322301556,0.0542193510632162,1
Cyprus,2,7.5,1.5,0.5,0.0,0.0,0.0,0.0,0.5,0.0,0.0,0.5,1.0,0.0,0.0,0.0,0.5,0.5,0.5,0.0,0.0,0.0,0.0,0.5,0.0,31105.02734375,33938.9453125,0.0911080365701535,High Income,Western Asia,0.6617448666175125,-1.1439302884523337,2
Czech Republic,17,12.352941176470589,1.5294117647058822,0.2352941176470588,0.1764705882352941,0.1176470588235294,0.0,0.2941176470588235,0.0588235294117647,0.2352941176470588,0.4117647058823529,0.6470588235294118,0.2941176470588235,0.0,0.1176470588235294,0.0,0.0,0.5882352941176471,0.2352941176470588,0.4705882352941176,0.0588235294117647,0.2352941176470588,0.0,0.1764705882352941,0.4705882352941176,,,,Unknown,Eastern Europe,0.4572984563054186,0.1397500094610282,1
Denmark,24,11.416666666666666,1.9583333333333333,0.25,0.0833333333333333,0.0833333333333333,0.0,0.0416666666666666,0.2083333333333333,0.0416666666666666,0.625,0.75,0.5833333333333334,0.0,0.1666666666666666,0.0,0.0833333333333333,0.625,0.0416666666666666,0.75,0.0833333333333333,0.0833333333333333,0.0,0.0416666666666666,0.5833333333333334,58104.5445594981,68091.3191138669,0.1718759630607295,High Income,Northern Europe,2.2494190412215347,-1.3794443367164286,2
Dominican Republic,8,10.625,0.5,0.0,0.25,0.125,0.0,0.375,0.5,0.375,0.375,0.5,0.5,0.125,0.0,0.125,0.0,0.625,0.0,0.875,0.0,0.625,0.0,0.0,0.125,5484.64637931191,10109.5234003521,0.8432406943290326,Upper-Middle Income,Caribbean,-0.3976495883836227,0.7030610910564041,1
Ecuador,2,6.5,0.0,0.0,0.0,1.0,0.0,1.0,0.0,0.5,0.0,0.5,0.5,1.0,0.0,0.0,0.0,0.5,0.0,0.0,0.0,0.5,0.0,0.0,0.0,4520.30959039763,6540.99824522101,0.4470243938857359,Upper-Middle Income,South America,-1.487884820374764,-0.0908659978158134,1
Egypt,19,17.05263157894737,1.4736842105263157,0.1578947368421052,0.1052631578947368,0.1052631578947368,0.0,0.2631578947368421,0.1578947368421052,0.2631578947368421,0.2105263157894736,0.5789473684210527,0.631578947368421,0.1052631578947368,0.1578947368421052,0.2105263157894736,0.0,0.6842105263157895,0.0,0.7894736842105263,0.0526315789473684,0.3684210526315789,0.0,0.1578947368421052,0.2105263157894736,,,,Unknown,Northern Africa,0.8670305713002519,0.7526280987428206,1
El Salvador,12,6.75,0.25,0.0833333333333333,0.0,0.1666666666666666,0.0833333333333333,0.75,0.1666666666666666,0.1666666666666666,0.0833333333333333,0.3333333333333333,0.0833333333333333,0.3333333333333333,0.0,0.0,0.0,0.75,0.0833333333333333,0.5833333333333334,0.0,0.6666666666666666,0.0,0.0833333333333333,0.1666666666666666,3040.07300952878,5093.51833879776,0.6754592152335415,Upper-Middle Income,Central America,-1.1831665716479756,0.1760685498656707,1
Ethiopia,14,16.928571428571427,0.0,0.0,0.0714285714285714,0.2142857142857142,0.0,0.5714285714285714,0.2142857142857142,0.0,0.0,0.7142857142857143,0.7142857142857143,0.0714285714285714,0.0,0.0,0.0,0.5714285714285714,0.0714285714285714,0.6428571428571429,0.0714285714285714,0.7857142857142857,0.0,0.0,0.0714285714285714,330.619412798644,1011.0732858233,2.0581183278523043,Low Income,Eastern Africa,-0.2169512081544601,3.041971332128854,3
Finland,20,13.7,1.3,0.0,0.15,0.0,0.0,0.2,0.15,0.1,0.5,0.8,0.5,0.0,0.05,0.0,0.15,0.75,0.0,0.85,0.0,0.2,0.0,0.0,0.6,46506.2919016566,50438.4753952355,0.0845516452245643,High Income,Northern Europe,1.4086825008720734,-0.6930010006138752,2
France,164,10.426829268292684,1.8170731707317076,0.3353658536585366,0.1829268292682926,0.1707317073170731,0.0670731707317073,0.1524390243902439,0.1890243902439024,0.1219512195121951,0.3719512195121951,0.5426829268292683,0.4573170731707317,0.0975609756097561,0.0670731707317073,0.0304878048780487,0.1341463414634146,0.6097560975609756,0.0975609756097561,0.5365853658536586,0.1158536585365853,0.2682926829268293,0.0,0.0060975609756097,0.4024390243902439,40694.8211697025,41082.8119320747,0.0095341557284212,High Income,Western Europe,1.4128964405897075,-1.0534808307538448,2
Georgia,3,4.333333333333333,0.3333333333333333,0.0,0.3333333333333333,0.0,0.0,0.0,0.0,0.0,0.3333333333333333,1.0,0.0,0.0,0.0,0.0,0.0,0.0,0.0,1.0,0.0,0.0,0.0,0.0,0.0,3281.72930937343,6729.84659930283,1.0507013116775734,Upper-Middle Income,Western Asia,-1.2224579169177836,0.2051283984358053,1
Germany,149,9.14765100671141,0.8859060402684564,0.1208053691275167,0.3020134228187919,0.046979865771812,0.0,0.2818791946308724,0.1409395973154362,0.0939597315436241,0.4697986577181208,0.5436241610738255,0.4228187919463087,0.1073825503355704,0.0201342281879194,0.0,0.1006711409395973,0.6711409395973155,0.2147651006711409,0.5503355704697986,0.0335570469798657,0.3892617449664429,0.0,0.0805369127516778,0.3557046979865771,42409.9356994694,49686.1154582583,0.1715678092593742,High Income,Western Europe,0.5273705852922339,-1.1166022947734386,2
Greece,298,10.036912751677852,0.5838926174496645,0.1241610738255033,0.110738255033557,0.1140939597315436,0.0268456375838926,0.5033557046979866,0.4630872483221476,0.0771812080536912,0.1711409395973154,0.6610738255033557,0.4261744966442953,0.1644295302013423,0.0268456375838926,0.0335570469798657,0.0570469798657718,0.6073825503355704,0.2449664429530201,0.3187919463087248,0.0067114093959731,0.4429530201342282,0.046979865771812,0.0067114093959731,0.1476510067114094,26653.0488008626,20971.8349258283,-0.2131543718499638,High Income,Southern Europe,-0.372561020865917,-0.7188260448429232,1
Guatemala,5,7.0,0.2,0.0,0.0,0.4,0.0,0.6,0.0,0.8,0.2,0.6,0.2,0.2,0.0,0.0,0.0,0.6,0.0,0.4,0.0,0.6,0.0,0.0,0.2,2805.25960237322,5358.08963795,0.9100156126075152,Upper-Middle Income,Central America,-1.154451083448828,0.4517207526707353,1
Guinea,1,10.0,0.0,0.0,0.0,0.0,0.0,1.0,1.0,0.0,0.0,1.0,1.0,1.0,0.0,0.0,0.0,1.0,0.0,1.0,0.0,1.0,0.0,0.0,0.0,659.235326211315,1416.59612011764,1.1488474051579516,Lower-Middle Income,Western Africa,-1.0939367739552202,1.200080772112403,1
Guyana,3,7.666666666666667,0.6666666666666666,0.0,0.0,0.3333333333333333,0.0,0.3333333333333333,0.0,0.0,0.3333333333333333,0.6666666666666666,0.6666666666666666,0.3333333333333333,0.3333333333333333,0.0,0.0,1.0,0.0,0.6666666666666666,0.0,0.3333333333333333,0.0,0.0,0.3333333333333333,4581.76179693492,17913.4910146288,2.909738613345735,High Income,South America,0.0868812325222329,2.2627343642447744,3
Haiti,6,8.333333333333334,0.5,0.1666666666666666,0.1666666666666666,0.3333333333333333,0.0,0.0,0.3333333333333333,0.3333333333333333,0.3333333333333333,1.0,0.3333333333333333,0.5,0.0,0.1666666666666666,0.0,0.8333333333333334,0.0,0.5,0.0,0.6666666666666666,0.0,0.0,0.1666666666666666,1209.72733503094,1760.62635668777,0.4553910668165074,Lower-Middle Income,Caribbean,-0.8810601037293229,0.1929212281552914,1
Honduras,4,8.5,0.5,0.0,0.0,0.5,0.0,0.5,0.25,0.5,0.25,0.75,0.5,0.0,0.0,0.0,0.0,0.75,0.0,0.75,0.0,0.5,0.0,0.0,0.25,1893.32722662035,3003.28996826399,0.5862498178008875,Lower-Middle Income,Central America,-0.8107321674606471,0.3220193422843988,1
Hungary,22,14.727272727272728,2.0,0.4090909090909091,0.2727272727272727,0.2272727272727272,0.0,0.4090909090909091,0.1363636363636363,0.0454545454545454,0.3636363636363636,0.4545454545454545,0.6363636363636364,0.1818181818181818,0.0909090909090909,0.0,0.0,0.6363636363636364,0.2272727272727272,0.6363636363636364,0.0,0.6363636363636364,0.0,0.1363636363636363,0.3181818181818182,13217.5045951108,18353.298364905,0.3885600139449883,High Income,Eastern Europe,1.6452859926544028,0.3745557013090859,3
Iceland,4,9.75,1.25,0.25,0.25,0.0,0.25,0.25,0.5,0.0,0.75,1.0,0.5,0.25,0.0,0.25,0.0,1.0,0.5,0.25,0.0,0.75,0.0,0.0,0.5,43237.0729488958,75314.085560994,0.7418867750370551,High Income,Northern Europe,1.6168715819631667,-1.0698706944076517,2
India,190,17.16842105263158,1.0947368421052632,0.2473684210526315,0.0947368421052631,0.1894736842105263,0.0368421052631578,0.6263157894736842,0.1736842105263158,0.1631578947368421,0.231578947368421,0.7157894736842105,0.8263157894736842,0.1842105263157894,0.1105263157894736,0.1157894736842105,0.0263157894736842,0.7947368421052632,0.0631578947368421,0.5526315789473685,0.0,0.7263157894736842,0.0,0.1105263157894736,0.0263157894736842,1347.51939071367,2352.61392452078,0.7458850245374163,Lower-Middle Income,Southern Asia,0.6926894229716355,1.5377514487685369,3
Indonesia,25,18.56,1.88,0.04,0.12,0.36,0.36,0.36,0.4,0.16,0.44,0.72,0.48,0.08,0.08,0.12,0.0,0.48,0.28,0.56,0.04,0.8,0.0,0.0,0.16,3065.68348366636,4730.74548910499,0.5431291306848556,Upper-Middle Income,South-Eastern Asia,1.6546471443156834,1.3480869753163327,3
Iran (Islamic Republic of),44,9.840909090909092,0.4545454545454545,0.0909090909090909,0.2045454545454545,0.2045454545454545,0.0227272727272727,0.3409090909090909,0.4090909090909091,0.25,0.1818181818181818,0.5909090909090909,0.7045454545454546,0.0909090909090909,0.1136363636363636,0.0909090909090909,0.0681818181818181,0.75,0.0227272727272727,0.5454545454545454,0.0227272727272727,0.6136363636363636,0.0227272727272727,0.0,0.1363636363636363,,,,Unknown,Southern Asia,-0.9125995933814924,-0.0384780099000636,1
Iraq,3,6.333333333333333,0.0,0.0,0.3333333333333333,0.0,0.0,0.3333333333333333,0.3333333333333333,0.3333333333333333,0.0,1.0,0.3333333333333333,0.3333333333333333,0.0,0.0,0.0,0.6666666666666666,0.0,0.3333333333333333,0.0,0.6666666666666666,0.0,0.0,0.0,4461.75196161555,6504.12428393548,0.4577512017455158,Upper-Middle Income,Western Asia,-1.502924717273035,-0.100417021401761,1
Ireland,24,13.708333333333334,1.625,0.3333333333333333,0.2916666666666667,0.125,0.0,0.3333333333333333,0.0416666666666666,0.0833333333333333,0.5,0.5833333333333334,0.2083333333333333,0.0833333333333333,0.0416666666666666,0.0,0.0,0.75,0.0833333333333333,0.8333333333333334,0.125,0.2916666666666667,0.0,0.0833333333333333,0.5,48679.4026820361,106194.755859223,1.1815131248192468,High Income,Northern Europe,3.1317634971592736,-0.8446451714047627,2
Israel,21,7.380952380952381,0.1428571428571428,0.0952380952380952,0.0476190476190476,0.3333333333333333,0.0,0.5714285714285714,0.5238095238095238,0.238095238095238,0.0476190476190476,0.6666666666666666,0.3333333333333333,0.1904761904761904,0.0,0.0,0.0,0.5238095238095238,0.1904761904761904,0.3333333333333333,0.0,0.5714285714285714,0.0,0.0,0.0,31338.5568903917,54930.7261602593,0.7528160710265788,High Income,Western Asia,-0.1895982551500767,-0.7594861748395226,1
Italy,227,9.568281938325992,1.2334801762114538,0.2599118942731278,0.3083700440528634,0.2158590308370044,0.0572687224669603,0.3259911894273127,0.105726872246696,0.0572687224669603,0.2951541850220264,0.5242290748898678,0.3920704845814978,0.2070484581497797,0.0440528634361233,0.039647577092511,0.092511013215859,0.5682819383259912,0.0572687224669603,0.4757709251101321,0.0440528634361233,0.4361233480176211,0.092511013215859,0.0044052863436123,0.3568281938325991,36184.7118698678,35635.7442204098,-0.0151712593824782,High Income,Southern Europe,0.6019902723451892,-0.989245258121128,2
Jamaica,48,12.8125,0.6666666666666666,0.0416666666666666,0.1458333333333333,0.2083333333333333,0.0208333333333333,0.25,0.3125,0.0833333333333333,0.4375,0.6666666666666666,0.7083333333333334,0.3125,0.0208333333333333,0.0416666666666666,0.0,0.7291666666666666,0.1666666666666666,0.5,0.0,0.5416666666666666,0.0,0.0416666666666666,0.1458333333333333,4809.977380312,6022.15341099999,0.2520128339167704,Upper-Middle Income,Caribbean,-0.217633562489783,0.4419529276926787,1
Japan,160,11.0375,0.925,0.025,0.175,0.10625,0.14375,0.35,0.05,0.2875,0.31875,0.425,0.125,0.0125,0.0125,0.0125,0.04375,0.35625,0.475,0.5125,0.0,0.4875,0.0,0.04375,0.2625,44968.1562349739,34017.2718075024,-0.2435253153420257,High Income,Eastern Asia,0.3443837216896887,-0.9583778674766408,1
Jordan,1,5.0,0.0,0.0,0.0,0.0,0.0,1.0,0.0,0.0,0.0,1.0,0.0,0.0,0.0,0.0,1.0,0.0,0.0,0.0,0.0,1.0,0.0,0.0,1.0,3718.46571622945,4332.25159897931,0.1650642844630669,Upper-Middle Income,Western Asia,-1.7433308528100353,-0.5264379823595849,1
Korea (Democratic People's Republic of),1,30.0,2.0,0.0,0.0,0.0,1.0,0.0,0.0,1.0,0.0,1.0,1.0,0.0,0.0,0.0,0.0,1.0,0.0,1.0,0.0,1.0,0.0,0.0,1.0,,,,Unknown,Eastern Asia,2.704117134846488,2.3491486405559128,3
"Korea, Republic of",124,12.290322580645162,1.032258064516129,0.0403225806451612,0.1612903225806451,0.1048387096774193,0.0564516129032258,0.3467741935483871,0.0725806451612903,0.2096774193548387,0.4677419354838709,0.5645161290322581,0.3306451612903225,0.0161290322580645,0.0241935483870967,0.064516129032258,0.0,0.4435483870967742,0.5645161290322581,0.4274193548387097,0.0,0.7741935483870968,0.0,0.2096774193548387,0.1854838709677419,,,,Unknown,Eastern Asia,-0.0668980773964326,0.1989051903264423,1
Kuwait,1,4.0,1.0,0.0,0.0,0.0,0.0,0.0,0.0,0.0,1.0,0.0,1.0,0.0,0.0,0.0,0.0,0.0,0.0,1.0,0.0,0.0,0.0,0.0,0.0,39212.2726673435,40077.238047746,0.0220585373293819,High Income,Western Asia,-0.0960855053944557,-1.7354337940052595,2
Latvia,3,4.666666666666667,0.6666666666666666,0.3333333333333333,0.0,0.0,0.0,0.0,0.0,0.0,0.3333333333333333,0.6666666666666666,0.3333333333333333,0.0,0.0,0.0,0.0,0.6666666666666666,0.3333333333333333,0.3333333333333333,0.0,0.0,0.0,0.0,1.0,11188.4191700977,20229.4613617326,0.8080714580124146,High Income,Northern Europe,-0.6163612996369073,-0.3489744396367948,1
Lebanon,54,10.22222222222222,0.5,0.0925925925925925,0.1296296296296296,0.0555555555555555,0.0,0.3148148148148148,0.4444444444444444,0.1481481481481481,0.1851851851851851,0.6666666666666666,0.5,0.1296296296296296,0.0925925925925925,0.074074074074074,0.1666666666666666,0.7592592592592593,0.1111111111111111,0.5185185185185185,0.0,0.4074074074074074,0.0,0.0185185185185185,0.0555555555555555,7625.81051551165,3654.35845534878,-0.5207908132630027,Lower-Middle Income,Western Asia,-0.8641532361157642,-0.6156255480955689,1
Liberia,1,9.0,1.0,1.0,1.0,1.0,0.0,0.0,0.0,0.0,0.0,1.0,1.0,0.0,0.0,0.0,0.0,1.0,0.0,1.0,0.0,0.0,0.0,0.0,0.0,492.252808033724,744.617175237387,0.5126722754751123,Low Income,Western Africa,-0.302357034868894,0.2930846069086599,1
Lithuania,7,6.714285714285714,0.1428571428571428,0.0,0.4285714285714285,0.0,0.0,0.5714285714285714,0.1428571428571428,0.0,0.1428571428571428,0.4285714285714285,0.4285714285714285,0.1428571428571428,0.0,0.0,0.0,0.1428571428571428,0.2857142857142857,0.4285714285714285,0.0,0.4285714285714285,0.0,0.2857142857142857,0.5714285714285714,11829.122609457,25085.784063499,1.1206800277345783,High Income,Northern Europe,-0.7910542410940263,0.2006184858742968,1
Malaysia,30,16.533333333333335,1.9333333333333331,0.1333333333333333,0.2333333333333333,0.1666666666666666,0.3,0.3,0.3333333333333333,0.2,0.4666666666666667,0.6,0.3666666666666666,0.1666666666666666,0.1,0.1333333333333333,0.0333333333333333,0.5333333333333333,0.3,0.5,0.0333333333333333,0.7,0.0,0.0,0.1,8899.34505544675,11748.0919307944,0.3201074750556058,Upper-Middle Income,South-Eastern Asia,1.6049189127649952,0.6926913575503189,3
Mali,1,5.0,1.0,0.0,0.0,0.0,0.0,0.0,1.0,0.0,1.0,0.0,0.0,0.0,0.0,0.0,0.0,0.0,0.0,1.0,0.0,1.0,0.0,0.0,0.0,670.369098976461,813.965034073188,0.2142042873336098,Low Income,Western Africa,-0.7633102786545904,-0.5323720134019965,1
Malta,2,10.5,1.0,0.5,1.0,0.5,0.0,0.5,0.0,0.5,0.5,0.5,0.5,1.0,0.0,0.0,0.0,1.0,0.0,0.5,0.0,0.5,0.0,0.0,0.5,21946.6069676515,36142.2058531852,0.646824308944772,High Income,Southern Europe,0.6043691012280529,-0.1642905603710199,1
Mexico,250,8.34,0.456,0.252,0.26,0.284,0.02,0.4,0.192,0.208,0.052,0.476,0.432,0.12,0.0,0.052,0.292,0.556,0.096,0.304,0.008,0.628,0.0,0.004,0.1,9728.80078377082,11385.4070757929,0.1702785706934777,Upper-Middle Income,Central America,-0.7895008643538856,-0.3097711082083546,1
Mongolia,14,14.285714285714286,1.5,0.0,0.0,0.1428571428571428,0.0714285714285714,0.2857142857142857,0.0714285714285714,0.7857142857142857,0.7142857142857143,0.7142857142857143,0.2857142857142857,0.0,0.1428571428571428,0.0,0.0,0.2857142857142857,0.8571428571428571,0.6428571428571429,0.0,0.6428571428571429,0.0,0.1428571428571428,0.0,2625.21881402433,4993.51487463495,0.9021328233512615,Upper-Middle Income,Eastern Asia,0.915961492548173,1.214358630872204,3
Morocco,24,23.375,0.2916666666666667,0.0416666666666666,0.125,0.25,0.0416666666666666,0.5833333333333334,0.3333333333333333,0.0416666666666666,0.0833333333333333,0.7916666666666666,0.8333333333333334,0.1666666666666666,0.0,0.2083333333333333,0.0,0.6666666666666666,0.1666666666666666,0.2083333333333333,0.0,0.7916666666666666,0.0,0.0,0.0,3067.9853515625,3455.39624023438,0.1262753384642383,Lower-Middle Income,Northern Africa,0.3631387629943299,1.7803507070580145,3
Myanmar,6,11.0,1.0,0.0,0.0,0.6666666666666666,0.6666666666666666,0.6666666666666666,0.3333333333333333,0.3333333333333333,0.3333333333333333,0.6666666666666666,0.6666666666666666,0.3333333333333333,0.0,0.3333333333333333,0.0,0.6666666666666666,0.3333333333333333,0.8333333333333334,0.0,1.0,0.0,0.0,0.0,1010.53417343401,1158.05005034332,0.1459781180957193,Lower-Middle Income,South-Eastern Asia,-0.1736902499495626,0.1622216273709036,1
Netherlands,43,8.348837209302326,0.813953488372093,0.0,0.1395348837209302,0.0930232558139534,0.0232558139534883,0.1860465116279069,0.1627906976744186,0.1162790697674418,0.4651162790697674,0.6744186046511628,0.5348837209302325,0.0930232558139534,0.0930232558139534,0.0,0.0697674418604651,0.627906976744186,0.0465116279069767,0.6744186046511628,0.0930232558139534,0.2558139534883721,0.0,0.0232558139534883,0.6744186046511628,51305.7338533973,59123.318556487,0.1523725345285562,High Income,Western Europe,0.5629995028773145,-1.4400571353907845,2
New Zealand,17,17.764705882352942,2.176470588235294,0.1176470588235294,0.1176470588235294,0.0,0.0,0.0588235294117647,0.2941176470588235,0.4117647058823529,0.6470588235294118,0.3529411764705882,0.5294117647058824,0.0588235294117647,0.0,0.0,0.0588235294117647,0.4117647058823529,0.1764705882352941,0.5294117647058824,0.0588235294117647,0.2941176470588235,0.0,0.0,0.3529411764705882,33676.7741239925,48216.5095836302,0.4317437117374934,High Income,Australia and New Zealand,2.755415363353627,0.1206754299641709,3
Nicaragua,1,2.0,0.0,0.0,0.0,0.0,0.0,0.0,0.0,0.0,0.0,1.0,0.0,0.0,0.0,0.0,0.0,0.0,0.0,0.0,0.0,0.0,0.0,0.0,0.0,1526.56185349171,2325.16737851871,0.5231399718264588,Lower-Middle Income,Central America,-2.00618964678984,-0.4977567855589141,1
Nigeria,4,5.75,0.25,0.0,0.0,0.25,0.0,0.25,0.0,0.0,0.25,0.25,0.25,0.0,0.0,0.0,0.0,0.25,0.0,0.75,0.0,0.5,0.0,0.0,0.0,2202.25672957344,2139.37478476974,-0.0285534124878709,Lower-Middle Income,Western Africa,-1.4950156653531976,-0.6149874665601011,1
Norway,21,10.476190476190476,2.095238095238096,0.4761904761904761,0.1904761904761904,0.0,0.0,0.3809523809523809,0.0476190476190476,0.0,0.4761904761904761,0.4761904761904761,0.3809523809523809,0.0,0.0476190476190476,0.0,0.0476190476190476,0.7142857142857143,0.0,0.2857142857142857,0.0476190476190476,0.0952380952380952,0.0,0.0952380952380952,0.4285714285714285,88163.2085931423,108798.451165901,0.2340573001146851,High Income,Northern Europe,3.1496550106334182,-2.3625088413979145,2
Pakistan,28,22.642857142857142,1.0714285714285714,0.2857142857142857,0.2857142857142857,0.25,0.0,0.5714285714285714,0.2142857142857142,0.1785714285714285,0.1071428571428571,0.75,0.9642857142857144,0.25,0.0714285714285714,0.0714285714285714,0.0,0.8214285714285714,0.0714285714285714,0.5357142857142857,0.0,0.8571428571428571,0.0,0.0,0.0714285714285714,987.304571124485,1538.3228133171,0.5581036068384003,Lower-Middle Income,Southern Asia,1.1561415253542968,2.069981926643509,3
"Palestine, State of",1,3.0,2.0,1.0,0.0,0.0,0.0,0.0,0.0,0.0,1.0,0.0,0.0,0.0,0.0,0.0,0.0,0.0,0.0,0.0,0.0,0.0,0.0,0.0,0.0,,,,Unknown,Western Asia,0.0166224859029274,-1.1285833489058987,2
Panama,2,8.0,0.0,0.0,0.0,1.0,0.0,1.0,0.0,0.5,0.0,0.5,0.5,0.5,0.0,0.0,0.0,1.0,0.0,0.5,0.0,1.0,0.0,0.0,0.0,8331.46421351868,17332.4360742988,1.0803589417302053,High Income,Central America,-0.9801714115858038,0.5167301302138282,1
Paraguay,1,3.0,0.0,0.0,0.0,0.0,0.0,0.0,0.0,0.0,0.0,0.0,0.0,0.0,0.0,0.0,0.0,1.0,0.0,1.0,0.0,0.0,0.0,0.0,0.0,4750.96273669322,6205.62595379319,0.3061828302430444,Upper-Middle Income,South America,-1.8734768271057167,-0.6798701200813635,1
Peru,40,12.5,0.3,0.025,0.1,0.3,0.025,0.475,0.35,0.225,0.15,0.6,0.475,0.125,0.0,0.0,0.025,0.625,0.35,0.325,0.025,0.525,0.0,0.0,0.125,5072.11494019615,7363.27206939639,0.451716326663456,Upper-Middle Income,South America,-0.5601725997771152,0.6279167501474103,1
Philippines,24,7.958333333333333,0.5833333333333334,0.0416666666666666,0.4166666666666667,0.1666666666666666,0.2083333333333333,0.4166666666666667,0.2083333333333333,0.25,0.3333333333333333,0.6666666666666666,0.4583333333333333,0.1666666666666666,0.0,0.125,0.0833333333333333,0.625,0.2083333333333333,0.5416666666666666,0.0,0.625,0.0,0.0,0.0416666666666666,2162.91375885614,3548.06930572116,0.6404118246478593,Lower-Middle Income,South-Eastern Asia,-0.7549576469916663,0.2848514997131404,1
Poland,23,11.695652173913045,1.0,0.3478260869565217,0.391304347826087,0.0434782608695652,0.0,0.391304347826087,0.0869565217391304,0.0,0.217391304347826,0.6086956521739131,0.3478260869565217,0.1304347826086956,0.0,0.0434782608695652,0.1304347826086956,0.6086956521739131,0.1304347826086956,0.391304347826087,0.0,0.6086956521739131,0.0,0.0869565217391304,0.2608695652173913,12567.7317676382,18891.2121169279,0.5031520775747782,High Income,Eastern Europe,0.3374024459876683,0.2258013708764036,1
Portugal,57,10.263157894736842,0.6842105263157895,0.0526315789473684,0.3333333333333333,0.1052631578947368,0.1228070175438596,0.5263157894736842,0.1403508771929824,0.1403508771929824,0.2456140350877192,0.631578947368421,0.3157894736842105,0.2280701754385964,0.0,0.1052631578947368,0.0350877192982456,0.631578947368421,0.0526315789473684,0.7017543859649122,0.0526315789473684,0.5614035087719298,0.0175438596491228,0.0,0.2280701754385964,22551.935098809,24620.519556875,0.0917253640985887,High Income,Southern Europe,-0.1048142782622626,-0.4692884993373897,1
Puerto Rico,59,7.932203389830509,0.5254237288135594,0.1016949152542373,0.2711864406779661,0.1016949152542373,0.0338983050847457,0.3728813559322034,0.2203389830508474,0.2542372881355932,0.2711864406779661,0.6101694915254238,0.5423728813559322,0.1864406779661017,0.0338983050847457,0.0169491525423728,0.0169491525423728,0.6101694915254238,0.1525423728813559,0.559322033898305,0.0338983050847457,0.3728813559322034,0.0,0.0,0.135593220338983,26435.74878578,35268.0791015719,0.334105547278573,High Income,Caribbean,-0.2309537568091076,-0.7348047129492122,2
Romania,6,5.833333333333333,0.3333333333333333,0.1666666666666666,0.3333333333333333,0.0,0.0,0.3333333333333333,0.3333333333333333,0.0,0.1666666666666666,0.8333333333333334,0.5,0.0,0.0,0.0,0.0,0.5,0.1666666666666666,0.3333333333333333,0.0,0.3333333333333333,0.0,0.1666666666666666,0.3333333333333333,8399.5374234284,15557.8826247584,0.8522308837345725,High Income,Eastern Europe,-0.9341675534879066,-0.0037884158248943,1
Russian Federation,24,11.083333333333334,0.9166666666666666,0.1666666666666666,0.125,0.0833333333333333,0.0,0.4583333333333333,0.0833333333333333,0.0416666666666666,0.375,0.375,0.4166666666666667,0.1666666666666666,0.0,0.0416666666666666,0.0416666666666666,0.5,0.3333333333333333,0.5,0.0416666666666666,0.375,0.0,0.0833333333333333,0.2083333333333333,10674.990234375,15445.2421875,0.4468624184558131,High Income,Eastern Europe,0.1065939146881977,0.1768232381393885,1
Samoa,3,7.666666666666667,1.0,0.0,0.0,0.0,0.0,0.0,0.6666666666666666,0.3333333333333333,0.3333333333333333,0.3333333333333333,0.3333333333333333,0.0,0.0,0.0,0.0,0.0,0.0,0.6666666666666666,0.0,0.3333333333333333,0.0,0.0,0.0,3524.2479246203,3869.46639492144,0.0979552170235961,Lower-Middle Income,Polynesia,-0.4600085728044811,-0.377257469881406,1
Saudi Arabia,1,4.0,0.0,0.0,0.0,0.0,0.0,0.0,0.0,0.0,0.0,0.0,1.0,0.0,0.0,0.0,0.0,0.0,0.0,0.0,0.0,0.0,0.0,0.0,0.0,22028.3790215788,34454.1957708412,0.5640822112734752,High Income,Western Asia,-1.1370279618944443,-0.914246303584813,1
Serbia,7,7.571428571428571,0.2857142857142857,0.0,0.4285714285714285,0.0,0.0,0.4285714285714285,0.2857142857142857,0.2857142857142857,0.2857142857142857,0.5714285714285714,0.7142857142857143,0.2857142857142857,0.0,0.0,0.0,0.8571428571428571,0.0,0.5714285714285714,0.0,0.2857142857142857,0.0,0.0,0.2857142857142857,5970.92660940072,10022.9688543402,0.6786287137677899,Upper-Middle Income,Southern Europe,-0.962055321229952,0.1704000425820001,1
Singapore,3,13.333333333333334,3.0,0.0,0.3333333333333333,0.3333333333333333,0.6666666666666666,0.0,0.6666666666666666,0.3333333333333333,0.6666666666666666,0.6666666666666666,0.6666666666666666,0.0,0.3333333333333333,0.3333333333333333,0.0,0.0,1.0,0.6666666666666666,0.0,0.6666666666666666,0.0,0.0,1.0,47236.683084953,88428.7024226232,0.8720345428062392,High Income,South-Eastern Asia,4.094730117741181,-1.0027763716738431,2
Slovakia,8,10.625,0.75,0.25,0.375,0.0,0.0,0.625,0.125,0.125,0.25,0.5,0.5,0.125,0.125,0.0,0.0,1.0,0.125,0.625,0.0,0.5,0.0,0.0,0.375,,,,Unknown,Eastern Europe,-0.5267319116597861,0.0225679604212295,1
Somalia,4,16.0,0.5,0.0,0.25,0.0,0.0,0.25,0.0,0.0,0.25,1.0,0.5,0.0,0.0,0.0,0.0,1.0,0.25,1.0,0.0,0.25,0.0,0.0,0.5,219.202453852397,573.128092470162,1.6146061889256296,Low Income,Eastern Africa,0.107088990141839,2.405824225776065,3
South Africa,27,13.185185185185183,1.1111111111111112,0.1111111111111111,0.2222222222222222,0.1111111111111111,0.037037037037037,0.2592592592592592,0.3333333333333333,0.1851851851851851,0.5185185185185185,0.6666666666666666,0.3703703703703703,0.1851851851851851,0.0,0.0,0.037037037037037,0.6666666666666666,0.1481481481481481,0.6296296296296297,0.1481481481481481,0.5555555555555556,0.0,0.0,0.3333333333333333,7973.47195771517,6523.41097815853,-0.1818606733988139,Upper-Middle Income,Southern Africa,0.1994535081715517,-0.030048712840277,1
Spain,152,13.473684210526317,0.9539473684210528,0.0328947368421052,0.1973684210526315,0.1973684210526315,0.1842105263157894,0.6052631578947368,0.1776315789473684,0.1907894736842105,0.1381578947368421,0.6118421052631579,0.4013157894736842,0.2039473684210526,0.006578947368421,0.0394736842105263,0.0131578947368421,0.6578947368421053,0.131578947368421,0.4078947368421052,0.0263157894736842,0.618421052631579,0.0263157894736842,0.0,0.1776315789473684,30658.7422282912,30287.3657583614,-0.012113232407398,High Income,Southern Europe,0.590066372359612,-0.3259883513464629,1
Sri Lanka,11,8.454545454545455,0.4545454545454545,0.1818181818181818,0.0909090909090909,0.0909090909090909,0.0,0.4545454545454545,0.0909090909090909,0.0909090909090909,0.1818181818181818,0.6363636363636364,0.7272727272727273,0.0,0.0909090909090909,0.0909090909090909,0.0,0.6363636363636364,0.1818181818181818,0.7272727272727273,0.0,0.5454545454545454,0.0,0.0909090909090909,0.1818181818181818,2808.36779237408,3342.71989646203,0.1902714115789764,Lower-Middle Income,Southern Asia,-0.9408460304569356,-0.0947992789920971,1
Sweden,24,10.916666666666666,1.7916666666666667,0.25,0.375,0.0416666666666666,0.0,0.0,0.0833333333333333,0.0416666666666666,0.5833333333333334,0.5416666666666666,0.5416666666666666,0.0416666666666666,0.0833333333333333,0.0,0.25,0.5833333333333334,0.0416666666666666,0.5416666666666666,0.0,0.1666666666666666,0.0,0.0,0.625,52542.8274141037,55296.9371472535,0.0524164737356811,High Income,Northern Europe,1.736965898161683,-1.2595612433170735,2
Switzerland,32,6.59375,0.71875,0.375,0.09375,0.1875,0.03125,0.28125,0.125,0.21875,0.15625,0.625,0.125,0.0625,0.09375,0.03125,0.0625,0.625,0.0625,0.375,0.03125,0.375,0.0,0.0,0.25,76531.3729407691,93245.7952120851,0.2183996135055881,High Income,Western Europe,1.0056306163545314,-2.3458554705434143,2
Syrian Arab Republic,13,9.0,1.1538461538461535,0.1538461538461538,0.4615384615384615,0.0769230769230769,0.0,0.1538461538461538,0.0769230769230769,0.3076923076923077,0.3076923076923077,0.6153846153846154,0.5384615384615384,0.0769230769230769,0.0769230769230769,0.0769230769230769,0.0,0.8461538461538461,0.1538461538461538,0.3076923076923077,0.0,0.2307692307692307,0.0,0.0,0.2307692307692307,2730.61477118949,1051.67149587463,-0.6148590760693393,Lower-Middle Income,Western Asia,-0.3784070477500718,-0.9007140338898318,1
Thailand,70,10.128571428571428,2.085714285714286,0.0571428571428571,0.1,0.3857142857142857,0.6142857142857143,0.3714285714285714,0.4571428571428571,0.2571428571428571,0.6285714285714286,0.4,0.1428571428571428,0.1714285714285714,0.1142857142857142,0.1,0.0285714285714285,0.2285714285714285,0.5571428571428572,0.3857142857142857,0.0,0.5142857142857142,0.0142857142857142,0.0142857142857142,0.0714285714285714,4973.86288823778,6909.35997481451,0.3891335829047087,Upper-Middle Income,South-Eastern Asia,1.0414332395860113,0.0264120657825148,2
Trinidad and Tobago,2,7.5,0.0,0.0,0.0,0.0,0.0,0.0,0.5,0.0,0.0,0.5,0.0,0.0,0.0,0.0,0.0,1.0,0.5,0.0,0.0,1.0,0.0,0.0,0.0,16815.424737361,22004.1997884125,0.3085723454563076,High Income,Caribbean,-1.099881946154696,-0.4500684860506547,1
Tunisia,12,10.916666666666666,0.8333333333333334,0.0833333333333333,0.0833333333333333,0.0833333333333333,0.0,0.6666666666666666,0.0833333333333333,0.0,0.0833333333333333,0.5833333333333334,0.6666666666666666,0.0,0.0833333333333333,0.0833333333333333,0.0,0.8333333333333334,0.1666666666666666,0.3333333333333333,0.0,0.5833333333333334,0.0,0.4166666666666667,0.3333333333333333,4291.86120891575,3678.40023411347,-0.1429358837438403,Lower-Middle Income,Northern Africa,-0.3659314891348604,-0.1809875553695155,1
Turkey,43,11.767441860465116,0.8837209302325582,0.1627906976744186,0.1627906976744186,0.0697674418604651,0.0,0.3255813953488372,0.2558139534883721,0.1860465116279069,0.3488372093023256,0.6046511627906976,0.4418604651162791,0.2093023255813953,0.0697674418604651,0.1162790697674418,0.1162790697674418,0.6744186046511628,0.1162790697674418,0.4651162790697674,0.0,0.4883720930232558,0.0,0.0,0.1627906976744186,,,,Unknown,Western Asia,-0.2736986079402883,0.1516394857392788,1
Ukraine,21,8.714285714285714,0.7619047619047619,0.4285714285714285,0.238095238095238,0.1428571428571428,0.0,0.5238095238095238,0.1428571428571428,0.0952380952380952,0.1904761904761904,0.7142857142857143,0.2857142857142857,0.238095238095238,0.0476190476190476,0.0,0.1904761904761904,0.8571428571428571,0.0,0.5714285714285714,0.0476190476190476,0.6190476190476191,0.0,0.0476190476190476,0.5238095238095238,3039.63232421875,4199.6708984375,0.3816377938134029,Upper-Middle Income,Eastern Europe,-0.5359458926265817,0.0759097796150058,1
United Kingdom of Great Britain and Northern Ireland,17,7.411764705882353,0.9411764705882352,0.0588235294117647,0.0588235294117647,0.0,0.0588235294117647,0.3529411764705882,0.0,0.0,0.4117647058823529,0.5882352941176471,0.2941176470588235,0.0588235294117647,0.0,0.0588235294117647,0.0588235294117647,0.4117647058823529,0.1764705882352941,0.6470588235294118,0.0,0.2352941176470588,0.0,0.0,0.4117647058823529,,,,Unknown,Northern Europe,-0.6473884150897063,-0.417161658637671,1
United States,267,8.280898876404494,0.7752808988764045,0.1273408239700374,0.2808988764044944,0.1161048689138576,0.0936329588014981,0.2247191011235955,0.1235955056179775,0.1235955056179775,0.2921348314606741,0.5430711610486891,0.3707865168539326,0.1011235955056179,0.0224719101123595,0.0449438202247191,0.0599250936329588,0.7191011235955056,0.1835205992509363,0.50187265917603,0.0374531835205992,0.4307116104868914,0.0037453183520599,0.0112359550561797,0.3033707865168539,48650.6643227232,78035.1753604212,0.6039899238122719,High Income,Northern America,1.002380389547116,-1.3982081077900574,2
Uruguay,1,18.0,0.0,0.0,0.0,0.0,0.0,0.0,0.0,0.0,0.0,1.0,1.0,0.0,0.0,0.0,0.0,1.0,0.0,1.0,0.0,0.0,0.0,0.0,0.0,12641.0576849008,20691.9738991763,0.6368862807968968,High Income,South America,-0.0110969196079678,1.271202980850903,1
Uzbekistan,2,11.5,0.0,0.0,0.5,0.0,0.0,1.0,0.0,0.5,0.0,1.0,1.0,0.0,0.0,0.0,0.0,1.0,0.0,1.0,0.0,1.0,0.0,0.0,0.0,1753.20730243278,2578.66689394219,0.4708282873131937,Lower-Middle Income,Central Asia,-1.066630153784928,0.6661334917701054,1
Venezuela (Bolivarian Republic of),8,6.0,0.25,0.0,0.0,0.375,0.0,0.25,0.0,0.125,0.25,0.75,0.375,0.125,0.0,0.125,0.0,0.625,0.25,0.625,0.0,0.375,0.0,0.0,0.375,,,,Unknown,South America,-1.508018908856791,-0.5055490350745637,1
Viet Nam,66,11.015151515151516,1.3484848484848484,0.0151515151515151,0.2878787878787879,0.1969696969696969,0.5757575757575758,0.3333333333333333,0.4696969696969697,0.3636363636363636,0.4090909090909091,0.3787878787878788,0.3939393939393939,0.2424242424242424,0.0151515151515151,0.1969696969696969,0.106060606060606,0.3939393939393939,0.2575757575757575,0.4545454545454545,0.0,0.5757575757575758,0.0,0.0,0.0606060606060606,1683.16182443979,4116.38576094153,1.4456268560579992,Upper-Middle Income,Southeast Asia,0.5314748867059358,1.3952487752174976,3
Yemen,1,10.0,0.0,0.0,0.0,0.0,0.0,1.0,0.0,0.0,0.0,1.0,1.0,0.0,0.0,0.0,0.0,1.0,0.0,1.0,0.0,1.0,0.0,0.0,0.0,,,,Unknown,Western Asia,-1.370336112216174,0.0434733258248613,1
Zimbabwe,1,12.0,0.0,0.0,0.0,0.0,0.0,0.0,0.0,0.0,0.0,1.0,0.0,0.0,0.0,0.0,0.0,0.0,0.0,0.0,0.0,1.0,0.0,0.0,0.0,901.554443558321,2040.55245910726,1.263371306843609,Lower-Middle Income,Eastern Africa,-0.8573742295562586,1.5622233819102551,1
