cuisine,num_recipes,avg_total_ingredients,avg_luxury_score,pct_dairy,pct_meat,pct_poultry,pct_seafood,pct_vegetable,pct_fruit,pct_grain,pct_sweetener,pct_fat,pct_spice,pct_herb,pct_nut,pct_legume,pct_baked goods,pct_seasoning,pct_condiment,pct_beverage,pct_dessert,pct_aromatic,pct_pasta,pct_seed,pct_egg,GDP_2010,GDP_2022,GDP_growth,GDP_Class
Afghanistan,5,10.0,0.8,0.4,0.6,0.2,0.0,0.4,0.0,0.0,0.4,0.2,0.8,0.0,0.0,0.0,0.0,0.8,0.2,0.6,0.0,0.6,0.0,0.0,0.2,560.621505463146,357.261152798144,-0.36274090573282597,Low Income
Algeria,9,14.0,0.2222222222222222,0.0,0.2222222222222222,0.1111111111111111,0.0,0.5555555555555556,0.2222222222222222,0.0,0.2222222222222222,0.7777777777777778,0.4444444444444444,0.3333333333333333,0.0,0.0,0.0,0.8888888888888888,0.0,0.7777777777777778,0.0,0.3333333333333333,0.0,0.0,0.1111111111111111,4912.78585503672,4961.55257664733,0.009926490396607292,Upper-Middle Income
Argentina,30,8.633333333333333,0.23333333333333334,0.03333333333333333,0.16666666666666666,0.0,0.03333333333333333,0.23333333333333334,0.1,0.13333333333333333,0.1,0.7666666666666667,0.5,0.2,0.0,0.06666666666666667,0.0,0.8333333333333334,0.06666666666666667,0.4,0.16666666666666666,0.5,0.0,0.0,0.36666666666666664,10260.1313108254,13935.6811110049,0.358236136442177,High Income
Armenia,16,7.25,0.375,0.0625,0.3125,0.125,0.0,0.5,0.1875,0.125,0.1875,0.5625,0.375,0.25,0.0625,0.0,0.125,0.75,0.0625,0.4375,0.0,0.5,0.0,0.0625,0.25,3041.34450723339,6571.97445545099,1.1608780063621589,Upper-Middle Income
Australia,18,12.944444444444445,1.8333333333333333,0.1111111111111111,0.2222222222222222,0.05555555555555555,0.0,0.1111111111111111,0.3333333333333333,0.2777777777777778,0.5555555555555556,0.5555555555555556,0.2777777777777778,0.05555555555555555,0.0,0.0,0.16666666666666666,0.3888888888888889,0.3333333333333333,0.6111111111111112,0.05555555555555555,0.2777777777777778,0.0,0.0,0.4444444444444444,52144.6654705468,64997.0136536475,0.24647484200201009,High Income
Austria,18,8.166666666666666,1.0,0.05555555555555555,0.0,0.0,0.05555555555555555,0.1111111111111111,0.3888888888888889,0.0,0.5555555555555556,0.6111111111111112,0.5555555555555556,0.0,0.2222222222222222,0.05555555555555555,0.2222222222222222,0.6111111111111112,0.0,0.5,0.1111111111111111,0.05555555555555555,0.0,0.0,0.7777777777777778,46611.1393420232,52176.6649141178,0.11940333685593672,High Income
Bahamas,4,9.0,0.0,0.0,0.25,0.25,0.0,1.0,0.25,0.25,0.0,0.25,0.5,0.25,0.0,0.0,0.0,1.0,0.0,0.75,0.0,1.0,0.0,0.0,0.25,,,,Unknown
Bangladesh,12,26.583333333333332,2.25,0.16666666666666666,0.25,0.0,0.3333333333333333,0.5833333333333334,0.0,0.08333333333333333,0.25,0.9166666666666666,1.0,0.25,0.08333333333333333,0.08333333333333333,0.0,0.6666666666666666,0.16666666666666666,0.6666666666666666,0.08333333333333333,0.8333333333333334,0.0,0.16666666666666666,0.08333333333333333,757.385280361508,2716.48592677835,2.5866632178034177,Lower-Middle Income
Barbados,1,4.0,1.0,0.0,0.0,0.0,0.0,0.0,0.0,0.0,0.0,0.0,1.0,0.0,1.0,0.0,0.0,0.0,0.0,1.0,0.0,0.0,0.0,0.0,1.0,18860.3833703309,22164.0260273876,0.17516307024032357,High Income
Belarus,1,6.0,2.0,1.0,0.0,0.0,0.0,0.0,0.0,0.0,0.0,1.0,0.0,0.0,0.0,0.0,0.0,1.0,0.0,0.0,0.0,1.0,0.0,0.0,0.0,6034.67885177216,7994.64806074889,0.32478434347855323,Upper-Middle Income
Belgium,19,7.0,0.5789473684210527,0.10526315789473684,0.15789473684210525,0.05263157894736842,0.0,0.15789473684210525,0.2631578947368421,0.15789473684210525,0.42105263157894735,0.7368421052631579,0.5263157894736842,0.05263157894736842,0.0,0.05263157894736842,0.0,0.9473684210526315,0.15789473684210525,0.5789473684210527,0.10526315789473684,0.21052631578947367,0.0,0.0,0.5263157894736842,44197.393671162,50807.2047084918,0.14955205473219085,High Income
Belize,3,10.0,0.3333333333333333,0.0,0.0,0.3333333333333333,0.0,0.6666666666666666,0.3333333333333333,0.3333333333333333,0.3333333333333333,0.6666666666666666,0.6666666666666666,0.0,0.0,0.3333333333333333,0.3333333333333333,0.6666666666666666,0.0,0.6666666666666666,0.0,0.6666666666666666,0.0,0.0,0.3333333333333333,5451.13897172477,7068.45478269722,0.29669319005835626,Upper-Middle Income
Bhutan,1,14.0,0.0,0.0,0.0,0.0,0.0,1.0,0.0,0.0,0.0,1.0,0.0,0.0,0.0,0.0,0.0,1.0,0.0,1.0,0.0,1.0,0.0,0.0,0.0,2435.57980661188,3711.32767902157,0.5237963744593428,Lower-Middle Income
Bolivia (Plurinational State of),2,13.0,0.0,0.0,1.0,0.0,0.0,1.0,0.0,0.5,0.0,1.0,0.5,0.5,0.0,0.0,0.5,1.0,0.0,1.0,0.0,1.0,0.0,0.0,1.0,,,,Unknown
Bosnia and Herzegovina,1,3.0,3.0,1.0,0.0,0.0,0.0,0.0,0.0,0.0,0.0,0.0,0.0,0.0,0.0,0.0,0.0,0.0,0.0,0.0,0.0,0.0,0.0,0.0,0.0,4506.47828548389,7655.59421024383,0.6987975366271622,Upper-Middle Income
Brazil,24,6.708333333333333,0.5,0.08333333333333333,0.25,0.125,0.0,0.2916666666666667,0.25,0.08333333333333333,0.3333333333333333,0.5,0.375,0.20833333333333334,0.0,0.08333333333333333,0.0,0.6666666666666666,0.041666666666666664,0.5833333333333334,0.041666666666666664,0.4166666666666667,0.0,0.0,0.25,11403.2821284616,9281.33334441234,-0.18608228404285995,Upper-Middle Income
Bulgaria,3,8.333333333333334,0.0,0.0,0.3333333333333333,0.3333333333333333,0.0,0.6666666666666666,0.3333333333333333,0.3333333333333333,0.0,0.6666666666666666,0.3333333333333333,0.3333333333333333,0.0,0.0,0.0,0.3333333333333333,0.0,0.0,0.0,0.3333333333333333,0.3333333333333333,0.0,0.0,6863.66706774052,13644.201582807,0.9878880266403413,High Income
Cambodia,5,8.2,1.6,0.0,0.0,0.4,0.8,0.4,0.6,0.2,0.4,0.4,0.0,0.0,0.0,0.2,0.0,0.4,0.4,0.6,0.0,0.6,0.0,0.0,0.0,952.274616324008,2325.03050040841,1.4415546319858288,Lower-Middle Income
Canada,164,8.408536585365853,0.9329268292682927,0.22560975609756098,0.20121951219512196,0.09146341463414634,0.06097560975609756,0.27439024390243905,0.13414634146341464,0.09146341463414634,0.36585365853658536,0.4817073170731707,0.4146341463414634,0.10975609756097561,0.012195121951219513,0.018292682926829267,0.09146341463414634,0.573170731707317,0.22560975609756098,0.4451219512195122,0.06707317073170732,0.4268292682926829,0.0,0.012195121951219513,0.25609756097560976,47560.6666009406,55509.393176404,0.16712815743642664,High Income
Central African Republic,1,14.0,0.0,0.0,0.0,0.0,0.0,1.0,0.0,0.0,0.0,1.0,0.0,0.0,0.0,0.0,0.0,1.0,0.0,1.0,0.0,1.0,0.0,0.0,0.0,476.873786950728,467.359825026238,-0.019950691744507653,Low Income
Chile,24,12.5,0.75,0.0,0.20833333333333334,0.08333333333333333,0.0,0.20833333333333334,0.3333333333333333,0.125,0.375,0.4583333333333333,0.3333333333333333,0.08333333333333333,0.0,0.0,0.0,0.5833333333333334,0.0,0.4583333333333333,0.0,0.375,0.0,0.0,0.2916666666666667,12632.8704725219,15451.1319576678,0.2230895576168518,High Income
China,213,13.014084507042254,1.3849765258215962,0.009389671361502348,0.3568075117370892,0.3615023474178404,0.2347417840375587,0.38028169014084506,0.07511737089201878,0.6291079812206573,0.4647887323943662,0.6338028169014085,0.18779342723004694,0.023474178403755867,0.107981220657277,0.07511737089201878,0.009389671361502348,0.45539906103286387,0.5633802816901409,0.5305164319248826,0.009389671361502348,0.6291079812206573,0.0,0.03286384976525822,0.26291079812206575,4550.47394356715,12662.5826712038,1.7826953473944096,Upper-Middle Income
Colombia,10,10.5,0.9,0.1,0.1,0.0,0.0,0.3,0.1,0.0,0.3,0.7,0.2,0.1,0.0,0.1,0.1,0.8,0.0,0.6,0.0,0.3,0.0,0.0,0.2,6398.2958447102,6674.59601948063,0.043183400936182365,Upper-Middle Income
Costa Rica,3,5.666666666666667,0.6666666666666666,0.3333333333333333,0.0,0.0,0.0,0.3333333333333333,0.0,0.3333333333333333,0.3333333333333333,0.3333333333333333,0.3333333333333333,0.6666666666666666,0.0,0.6666666666666666,0.0,0.6666666666666666,0.0,0.3333333333333333,0.0,0.3333333333333333,0.0,0.0,0.0,8265.78820275582,13625.9008491328,0.648469633493623,High Income
Croatia,2,7.5,0.5,0.0,0.5,0.0,0.0,0.0,0.0,0.0,0.5,0.5,0.5,0.0,0.0,0.0,0.5,1.0,0.0,1.0,0.0,0.5,0.0,0.0,1.0,13731.2865213989,18466.0955472648,0.3448190392420367,High Income
Cuba,69,10.46376811594203,0.36231884057971014,0.07246376811594203,0.2898550724637681,0.11594202898550725,0.028985507246376812,0.37681159420289856,0.4927536231884058,0.10144927536231885,0.17391304347826086,0.6376811594202898,0.5507246376811594,0.463768115942029,0.0,0.08695652173913043,0.057971014492753624,0.6521739130434783,0.18840579710144928,0.4782608695652174,0.014492753623188406,0.5652173913043478,0.0,0.0,0.028985507246376812,5272.26755824835,,,Unknown
Cyprus,2,7.5,1.5,0.5,0.0,0.0,0.0,0.0,0.5,0.0,0.0,0.5,1.0,0.0,0.0,0.0,0.5,0.5,0.5,0.0,0.0,0.0,0.0,0.5,0.0,31105.02734375,33938.9453125,0.09110803657015351,High Income
Czech Republic,17,12.352941176470589,1.5294117647058822,0.23529411764705882,0.17647058823529413,0.11764705882352941,0.0,0.29411764705882354,0.058823529411764705,0.23529411764705882,0.4117647058823529,0.6470588235294118,0.29411764705882354,0.0,0.11764705882352941,0.0,0.0,0.5882352941176471,0.23529411764705882,0.47058823529411764,0.058823529411764705,0.23529411764705882,0.0,0.17647058823529413,0.47058823529411764,,,,Unknown
Denmark,24,11.416666666666666,1.9583333333333333,0.25,0.08333333333333333,0.08333333333333333,0.0,0.041666666666666664,0.20833333333333334,0.041666666666666664,0.625,0.75,0.5833333333333334,0.0,0.16666666666666666,0.0,0.08333333333333333,0.625,0.041666666666666664,0.75,0.08333333333333333,0.08333333333333333,0.0,0.041666666666666664,0.5833333333333334,58104.5445594981,68091.3191138669,0.1718759630607295,High Income
Dominican Republic,8,10.625,0.5,0.0,0.25,0.125,0.0,0.375,0.5,0.375,0.375,0.5,0.5,0.125,0.0,0.125,0.0,0.625,0.0,0.875,0.0,0.625,0.0,0.0,0.125,5484.64637931191,10109.5234003521,0.8432406943290326,Upper-Middle Income
Ecuador,2,6.5,0.0,0.0,0.0,1.0,0.0,1.0,0.0,0.5,0.0,0.5,0.5,1.0,0.0,0.0,0.0,0.5,0.0,0.0,0.0,0.5,0.0,0.0,0.0,4520.30959039763,6540.99824522101,0.4470243938857359,Upper-Middle Income
Egypt,19,17.05263157894737,1.4736842105263157,0.15789473684210525,0.10526315789473684,0.10526315789473684,0.0,0.2631578947368421,0.15789473684210525,0.2631578947368421,0.21052631578947367,0.5789473684210527,0.631578947368421,0.10526315789473684,0.15789473684210525,0.21052631578947367,0.0,0.6842105263157895,0.0,0.7894736842105263,0.05263157894736842,0.3684210526315789,0.0,0.15789473684210525,0.21052631578947367,,,,Unknown
El Salvador,12,6.75,0.25,0.08333333333333333,0.0,0.16666666666666666,0.08333333333333333,0.75,0.16666666666666666,0.16666666666666666,0.08333333333333333,0.3333333333333333,0.08333333333333333,0.3333333333333333,0.0,0.0,0.0,0.75,0.08333333333333333,0.5833333333333334,0.0,0.6666666666666666,0.0,0.08333333333333333,0.16666666666666666,3040.07300952878,5093.51833879776,0.6754592152335415,Upper-Middle Income
Ethiopia,14,16.928571428571427,0.0,0.0,0.07142857142857142,0.21428571428571427,0.0,0.5714285714285714,0.21428571428571427,0.0,0.0,0.7142857142857143,0.7142857142857143,0.07142857142857142,0.0,0.0,0.0,0.5714285714285714,0.07142857142857142,0.6428571428571429,0.07142857142857142,0.7857142857142857,0.0,0.0,0.07142857142857142,330.619412798644,1011.0732858233,2.0581183278523043,Low Income
Finland,20,13.7,1.3,0.0,0.15,0.0,0.0,0.2,0.15,0.1,0.5,0.8,0.5,0.0,0.05,0.0,0.15,0.75,0.0,0.85,0.0,0.2,0.0,0.0,0.6,46506.2919016566,50438.4753952355,0.08455164522456439,High Income
France,164,10.426829268292684,1.8170731707317074,0.3353658536585366,0.18292682926829268,0.17073170731707318,0.06707317073170732,0.1524390243902439,0.18902439024390244,0.12195121951219512,0.3719512195121951,0.5426829268292683,0.4573170731707317,0.0975609756097561,0.06707317073170732,0.03048780487804878,0.13414634146341464,0.6097560975609756,0.0975609756097561,0.5365853658536586,0.11585365853658537,0.2682926829268293,0.0,0.006097560975609756,0.4024390243902439,40694.8211697025,41082.8119320747,0.009534155728421204,High Income
Georgia,3,4.333333333333333,0.3333333333333333,0.0,0.3333333333333333,0.0,0.0,0.0,0.0,0.0,0.3333333333333333,1.0,0.0,0.0,0.0,0.0,0.0,0.0,0.0,1.0,0.0,0.0,0.0,0.0,0.0,3281.72930937343,6729.84659930283,1.0507013116775734,Upper-Middle Income
Germany,149,9.14765100671141,0.8859060402684564,0.12080536912751678,0.30201342281879195,0.04697986577181208,0.0,0.28187919463087246,0.14093959731543623,0.09395973154362416,0.4697986577181208,0.5436241610738255,0.4228187919463087,0.10738255033557047,0.020134228187919462,0.0,0.10067114093959731,0.6711409395973155,0.21476510067114093,0.5503355704697986,0.03355704697986577,0.38926174496644295,0.0,0.08053691275167785,0.35570469798657717,42409.9356994694,49686.1154582583,0.17156780925937426,High Income
Greece,298,10.036912751677852,0.5838926174496645,0.12416107382550336,0.11073825503355705,0.11409395973154363,0.026845637583892617,0.5033557046979866,0.46308724832214765,0.07718120805369127,0.17114093959731544,0.6610738255033557,0.4261744966442953,0.1644295302013423,0.026845637583892617,0.03355704697986577,0.05704697986577181,0.6073825503355704,0.24496644295302014,0.3187919463087248,0.006711409395973154,0.4429530201342282,0.04697986577181208,0.006711409395973154,0.1476510067114094,26653.0488008626,20971.8349258283,-0.21315437184996386,High Income
Guatemala,5,7.0,0.2,0.0,0.0,0.4,0.0,0.6,0.0,0.8,0.2,0.6,0.2,0.2,0.0,0.0,0.0,0.6,0.0,0.4,0.0,0.6,0.0,0.0,0.2,2805.25960237322,5358.08963795,0.9100156126075152,Upper-Middle Income
Guinea,1,10.0,0.0,0.0,0.0,0.0,0.0,1.0,1.0,0.0,0.0,1.0,1.0,1.0,0.0,0.0,0.0,1.0,0.0,1.0,0.0,1.0,0.0,0.0,0.0,659.235326211315,1416.59612011764,1.1488474051579516,Lower-Middle Income
Guyana,3,7.666666666666667,0.6666666666666666,0.0,0.0,0.3333333333333333,0.0,0.3333333333333333,0.0,0.0,0.3333333333333333,0.6666666666666666,0.6666666666666666,0.3333333333333333,0.3333333333333333,0.0,0.0,1.0,0.0,0.6666666666666666,0.0,0.3333333333333333,0.0,0.0,0.3333333333333333,4581.76179693492,17913.4910146288,2.909738613345735,High Income
Haiti,6,8.333333333333334,0.5,0.16666666666666666,0.16666666666666666,0.3333333333333333,0.0,0.0,0.3333333333333333,0.3333333333333333,0.3333333333333333,1.0,0.3333333333333333,0.5,0.0,0.16666666666666666,0.0,0.8333333333333334,0.0,0.5,0.0,0.6666666666666666,0.0,0.0,0.16666666666666666,1209.72733503094,1760.62635668777,0.45539106681650743,Lower-Middle Income
Honduras,4,8.5,0.5,0.0,0.0,0.5,0.0,0.5,0.25,0.5,0.25,0.75,0.5,0.0,0.0,0.0,0.0,0.75,0.0,0.75,0.0,0.5,0.0,0.0,0.25,1893.32722662035,3003.28996826399,0.5862498178008875,Lower-Middle Income
Hungary,22,14.727272727272727,2.0,0.4090909090909091,0.2727272727272727,0.22727272727272727,0.0,0.4090909090909091,0.13636363636363635,0.045454545454545456,0.36363636363636365,0.45454545454545453,0.6363636363636364,0.18181818181818182,0.09090909090909091,0.0,0.0,0.6363636363636364,0.22727272727272727,0.6363636363636364,0.0,0.6363636363636364,0.0,0.13636363636363635,0.3181818181818182,13217.5045951108,18353.298364905,0.3885600139449883,High Income
Iceland,4,9.75,1.25,0.25,0.25,0.0,0.25,0.25,0.5,0.0,0.75,1.0,0.5,0.25,0.0,0.25,0.0,1.0,0.5,0.25,0.0,0.75,0.0,0.0,0.5,43237.0729488958,75314.085560994,0.7418867750370551,High Income
India,190,17.16842105263158,1.0947368421052632,0.24736842105263157,0.09473684210526316,0.18947368421052632,0.03684210526315789,0.6263157894736842,0.1736842105263158,0.1631578947368421,0.23157894736842105,0.7157894736842105,0.8263157894736842,0.18421052631578946,0.11052631578947368,0.11578947368421053,0.02631578947368421,0.7947368421052632,0.06315789473684211,0.5526315789473685,0.0,0.7263157894736842,0.0,0.11052631578947368,0.02631578947368421,1347.51939071367,2352.61392452078,0.7458850245374163,Lower-Middle Income
Indonesia,25,18.56,1.88,0.04,0.12,0.36,0.36,0.36,0.4,0.16,0.44,0.72,0.48,0.08,0.08,0.12,0.0,0.48,0.28,0.56,0.04,0.8,0.0,0.0,0.16,3065.68348366636,4730.74548910499,0.5431291306848556,Upper-Middle Income
Iran (Islamic Republic of),44,9.840909090909092,0.45454545454545453,0.09090909090909091,0.20454545454545456,0.20454545454545456,0.022727272727272728,0.3409090909090909,0.4090909090909091,0.25,0.18181818181818182,0.5909090909090909,0.7045454545454546,0.09090909090909091,0.11363636363636363,0.09090909090909091,0.06818181818181818,0.75,0.022727272727272728,0.5454545454545454,0.022727272727272728,0.6136363636363636,0.022727272727272728,0.0,0.13636363636363635,,,,Unknown
Iraq,3,6.333333333333333,0.0,0.0,0.3333333333333333,0.0,0.0,0.3333333333333333,0.3333333333333333,0.3333333333333333,0.0,1.0,0.3333333333333333,0.3333333333333333,0.0,0.0,0.0,0.6666666666666666,0.0,0.3333333333333333,0.0,0.6666666666666666,0.0,0.0,0.0,4461.75196161555,6504.12428393548,0.4577512017455158,Upper-Middle Income
Ireland,24,13.708333333333334,1.625,0.3333333333333333,0.2916666666666667,0.125,0.0,0.3333333333333333,0.041666666666666664,0.08333333333333333,0.5,0.5833333333333334,0.20833333333333334,0.08333333333333333,0.041666666666666664,0.0,0.0,0.75,0.08333333333333333,0.8333333333333334,0.125,0.2916666666666667,0.0,0.08333333333333333,0.5,48679.4026820361,106194.755859223,1.1815131248192468,High Income
Israel,21,7.380952380952381,0.14285714285714285,0.09523809523809523,0.047619047619047616,0.3333333333333333,0.0,0.5714285714285714,0.5238095238095238,0.23809523809523808,0.047619047619047616,0.6666666666666666,0.3333333333333333,0.19047619047619047,0.0,0.0,0.0,0.5238095238095238,0.19047619047619047,0.3333333333333333,0.0,0.5714285714285714,0.0,0.0,0.0,31338.5568903917,54930.7261602593,0.7528160710265788,High Income
Italy,227,9.568281938325992,1.2334801762114538,0.2599118942731278,0.30837004405286345,0.21585903083700442,0.05726872246696035,0.32599118942731276,0.10572687224669604,0.05726872246696035,0.29515418502202645,0.5242290748898678,0.3920704845814978,0.20704845814977973,0.04405286343612335,0.039647577092511016,0.09251101321585903,0.5682819383259912,0.05726872246696035,0.47577092511013214,0.04405286343612335,0.43612334801762115,0.09251101321585903,0.004405286343612335,0.3568281938325991,36184.7118698678,35635.7442204098,-0.015171259382478286,High Income
Jamaica,48,12.8125,0.6666666666666666,0.041666666666666664,0.14583333333333334,0.20833333333333334,0.020833333333333332,0.25,0.3125,0.08333333333333333,0.4375,0.6666666666666666,0.7083333333333334,0.3125,0.020833333333333332,0.041666666666666664,0.0,0.7291666666666666,0.16666666666666666,0.5,0.0,0.5416666666666666,0.0,0.041666666666666664,0.14583333333333334,4809.977380312,6022.15341099999,0.25201283391677043,Upper-Middle Income
Japan,160,11.0375,0.925,0.025,0.175,0.10625,0.14375,0.35,0.05,0.2875,0.31875,0.425,0.125,0.0125,0.0125,0.0125,0.04375,0.35625,0.475,0.5125,0.0,0.4875,0.0,0.04375,0.2625,44968.1562349739,34017.2718075024,-0.24352531534202576,High Income
Jordan,1,5.0,0.0,0.0,0.0,0.0,0.0,1.0,0.0,0.0,0.0,1.0,0.0,0.0,0.0,0.0,1.0,0.0,0.0,0.0,0.0,1.0,0.0,0.0,1.0,3718.46571622945,4332.25159897931,0.16506428446306692,Upper-Middle Income
Korea (Democratic People's Republic of),1,30.0,2.0,0.0,0.0,0.0,1.0,0.0,0.0,1.0,0.0,1.0,1.0,0.0,0.0,0.0,0.0,1.0,0.0,1.0,0.0,1.0,0.0,0.0,1.0,,,,Unknown
"Korea, Republic of",124,12.290322580645162,1.032258064516129,0.04032258064516129,0.16129032258064516,0.10483870967741936,0.056451612903225805,0.3467741935483871,0.07258064516129033,0.20967741935483872,0.46774193548387094,0.5645161290322581,0.33064516129032256,0.016129032258064516,0.024193548387096774,0.06451612903225806,0.0,0.4435483870967742,0.5645161290322581,0.4274193548387097,0.0,0.7741935483870968,0.0,0.20967741935483872,0.18548387096774194,,,,Unknown
Kuwait,1,4.0,1.0,0.0,0.0,0.0,0.0,0.0,0.0,0.0,1.0,0.0,1.0,0.0,0.0,0.0,0.0,0.0,0.0,1.0,0.0,0.0,0.0,0.0,0.0,39212.2726673435,40077.238047746,0.02205853732938195,High Income
Latvia,3,4.666666666666667,0.6666666666666666,0.3333333333333333,0.0,0.0,0.0,0.0,0.0,0.0,0.3333333333333333,0.6666666666666666,0.3333333333333333,0.0,0.0,0.0,0.0,0.6666666666666666,0.3333333333333333,0.3333333333333333,0.0,0.0,0.0,0.0,1.0,11188.4191700977,20229.4613617326,0.8080714580124146,High Income
Lebanon,54,10.222222222222221,0.5,0.09259259259259259,0.12962962962962962,0.05555555555555555,0.0,0.3148148148148148,0.4444444444444444,0.14814814814814814,0.18518518518518517,0.6666666666666666,0.5,0.12962962962962962,0.09259259259259259,0.07407407407407407,0.16666666666666666,0.7592592592592593,0.1111111111111111,0.5185185185185185,0.0,0.4074074074074074,0.0,0.018518518518518517,0.05555555555555555,7625.81051551165,3654.35845534878,-0.5207908132630027,Lower-Middle Income
Liberia,1,9.0,1.0,1.0,1.0,1.0,0.0,0.0,0.0,0.0,0.0,1.0,1.0,0.0,0.0,0.0,0.0,1.0,0.0,1.0,0.0,0.0,0.0,0.0,0.0,492.252808033724,744.617175237387,0.5126722754751123,Low Income
Lithuania,7,6.714285714285714,0.14285714285714285,0.0,0.42857142857142855,0.0,0.0,0.5714285714285714,0.14285714285714285,0.0,0.14285714285714285,0.42857142857142855,0.42857142857142855,0.14285714285714285,0.0,0.0,0.0,0.14285714285714285,0.2857142857142857,0.42857142857142855,0.0,0.42857142857142855,0.0,0.2857142857142857,0.5714285714285714,11829.122609457,25085.784063499,1.1206800277345785,High Income
Malaysia,30,16.533333333333335,1.9333333333333333,0.13333333333333333,0.23333333333333334,0.16666666666666666,0.3,0.3,0.3333333333333333,0.2,0.4666666666666667,0.6,0.36666666666666664,0.16666666666666666,0.1,0.13333333333333333,0.03333333333333333,0.5333333333333333,0.3,0.5,0.03333333333333333,0.7,0.0,0.0,0.1,8899.34505544675,11748.0919307944,0.32010747505560583,Upper-Middle Income
Mali,1,5.0,1.0,0.0,0.0,0.0,0.0,0.0,1.0,0.0,1.0,0.0,0.0,0.0,0.0,0.0,0.0,0.0,0.0,1.0,0.0,1.0,0.0,0.0,0.0,670.369098976461,813.965034073188,0.21420428733360983,Low Income
Malta,2,10.5,1.0,0.5,1.0,0.5,0.0,0.5,0.0,0.5,0.5,0.5,0.5,1.0,0.0,0.0,0.0,1.0,0.0,0.5,0.0,0.5,0.0,0.0,0.5,21946.6069676515,36142.2058531852,0.646824308944772,High Income
Mexico,250,8.34,0.456,0.252,0.26,0.284,0.02,0.4,0.192,0.208,0.052,0.476,0.432,0.12,0.0,0.052,0.292,0.556,0.096,0.304,0.008,0.628,0.0,0.004,0.1,9728.80078377082,11385.4070757929,0.17027857069347774,Upper-Middle Income
Mongolia,14,14.285714285714286,1.5,0.0,0.0,0.14285714285714285,0.07142857142857142,0.2857142857142857,0.07142857142857142,0.7857142857142857,0.7142857142857143,0.7142857142857143,0.2857142857142857,0.0,0.14285714285714285,0.0,0.0,0.2857142857142857,0.8571428571428571,0.6428571428571429,0.0,0.6428571428571429,0.0,0.14285714285714285,0.0,2625.21881402433,4993.51487463495,0.9021328233512615,Upper-Middle Income
Morocco,24,23.375,0.2916666666666667,0.041666666666666664,0.125,0.25,0.041666666666666664,0.5833333333333334,0.3333333333333333,0.041666666666666664,0.08333333333333333,0.7916666666666666,0.8333333333333334,0.16666666666666666,0.0,0.20833333333333334,0.0,0.6666666666666666,0.16666666666666666,0.20833333333333334,0.0,0.7916666666666666,0.0,0.0,0.0,3067.9853515625,3455.39624023438,0.12627533846423836,Lower-Middle Income
Myanmar,6,11.0,1.0,0.0,0.0,0.6666666666666666,0.6666666666666666,0.6666666666666666,0.3333333333333333,0.3333333333333333,0.3333333333333333,0.6666666666666666,0.6666666666666666,0.3333333333333333,0.0,0.3333333333333333,0.0,0.6666666666666666,0.3333333333333333,0.8333333333333334,0.0,1.0,0.0,0.0,0.0,1010.53417343401,1158.05005034332,0.1459781180957193,Lower-Middle Income
Netherlands,43,8.348837209302326,0.813953488372093,0.0,0.13953488372093023,0.09302325581395349,0.023255813953488372,0.18604651162790697,0.16279069767441862,0.11627906976744186,0.46511627906976744,0.6744186046511628,0.5348837209302325,0.09302325581395349,0.09302325581395349,0.0,0.06976744186046512,0.627906976744186,0.046511627906976744,0.6744186046511628,0.09302325581395349,0.2558139534883721,0.0,0.023255813953488372,0.6744186046511628,51305.7338533973,59123.318556487,0.15237253452855626,High Income
New Zealand,17,17.764705882352942,2.176470588235294,0.11764705882352941,0.11764705882352941,0.0,0.0,0.058823529411764705,0.29411764705882354,0.4117647058823529,0.6470588235294118,0.35294117647058826,0.5294117647058824,0.058823529411764705,0.0,0.0,0.058823529411764705,0.4117647058823529,0.17647058823529413,0.5294117647058824,0.058823529411764705,0.29411764705882354,0.0,0.0,0.35294117647058826,33676.7741239925,48216.5095836302,0.43174371173749343,High Income
Nicaragua,1,2.0,0.0,0.0,0.0,0.0,0.0,0.0,0.0,0.0,0.0,1.0,0.0,0.0,0.0,0.0,0.0,0.0,0.0,0.0,0.0,0.0,0.0,0.0,0.0,1526.56185349171,2325.16737851871,0.5231399718264588,Lower-Middle Income
Nigeria,4,5.75,0.25,0.0,0.0,0.25,0.0,0.25,0.0,0.0,0.25,0.25,0.25,0.0,0.0,0.0,0.0,0.25,0.0,0.75,0.0,0.5,0.0,0.0,0.0,2202.25672957344,2139.37478476974,-0.028553412487870997,Lower-Middle Income
Norway,21,10.476190476190476,2.0952380952380953,0.47619047619047616,0.19047619047619047,0.0,0.0,0.38095238095238093,0.047619047619047616,0.0,0.47619047619047616,0.47619047619047616,0.38095238095238093,0.0,0.047619047619047616,0.0,0.047619047619047616,0.7142857142857143,0.0,0.2857142857142857,0.047619047619047616,0.09523809523809523,0.0,0.09523809523809523,0.42857142857142855,88163.2085931423,108798.451165901,0.23405730011468515,High Income
Pakistan,28,22.642857142857142,1.0714285714285714,0.2857142857142857,0.2857142857142857,0.25,0.0,0.5714285714285714,0.21428571428571427,0.17857142857142858,0.10714285714285714,0.75,0.9642857142857143,0.25,0.07142857142857142,0.07142857142857142,0.0,0.8214285714285714,0.07142857142857142,0.5357142857142857,0.0,0.8571428571428571,0.0,0.0,0.07142857142857142,987.304571124485,1538.3228133171,0.5581036068384003,Lower-Middle Income
"Palestine, State of",1,3.0,2.0,1.0,0.0,0.0,0.0,0.0,0.0,0.0,1.0,0.0,0.0,0.0,0.0,0.0,0.0,0.0,0.0,0.0,0.0,0.0,0.0,0.0,0.0,,,,Unknown
Panama,2,8.0,0.0,0.0,0.0,1.0,0.0,1.0,0.0,0.5,0.0,0.5,0.5,0.5,0.0,0.0,0.0,1.0,0.0,0.5,0.0,1.0,0.0,0.0,0.0,8331.46421351868,17332.4360742988,1.0803589417302053,High Income
Paraguay,1,3.0,0.0,0.0,0.0,0.0,0.0,0.0,0.0,0.0,0.0,0.0,0.0,0.0,0.0,0.0,0.0,1.0,0.0,1.0,0.0,0.0,0.0,0.0,0.0,4750.96273669322,6205.62595379319,0.30618283024304443,Upper-Middle Income
Peru,40,12.5,0.3,0.025,0.1,0.3,0.025,0.475,0.35,0.225,0.15,0.6,0.475,0.125,0.0,0.0,0.025,0.625,0.35,0.325,0.025,0.525,0.0,0.0,0.125,5072.11494019615,7363.27206939639,0.451716326663456,Upper-Middle Income
Philippines,24,7.958333333333333,0.5833333333333334,0.041666666666666664,0.4166666666666667,0.16666666666666666,0.20833333333333334,0.4166666666666667,0.20833333333333334,0.25,0.3333333333333333,0.6666666666666666,0.4583333333333333,0.16666666666666666,0.0,0.125,0.08333333333333333,0.625,0.20833333333333334,0.5416666666666666,0.0,0.625,0.0,0.0,0.041666666666666664,2162.91375885614,3548.06930572116,0.6404118246478593,Lower-Middle Income
Poland,23,11.695652173913043,1.0,0.34782608695652173,0.391304347826087,0.043478260869565216,0.0,0.391304347826087,0.08695652173913043,0.0,0.21739130434782608,0.6086956521739131,0.34782608695652173,0.13043478260869565,0.0,0.043478260869565216,0.13043478260869565,0.6086956521739131,0.13043478260869565,0.391304347826087,0.0,0.6086956521739131,0.0,0.08695652173913043,0.2608695652173913,12567.7317676382,18891.2121169279,0.5031520775747782,High Income
Portugal,57,10.263157894736842,0.6842105263157895,0.05263157894736842,0.3333333333333333,0.10526315789473684,0.12280701754385964,0.5263157894736842,0.14035087719298245,0.14035087719298245,0.24561403508771928,0.631578947368421,0.3157894736842105,0.22807017543859648,0.0,0.10526315789473684,0.03508771929824561,0.631578947368421,0.05263157894736842,0.7017543859649122,0.05263157894736842,0.5614035087719298,0.017543859649122806,0.0,0.22807017543859648,22551.935098809,24620.519556875,0.09172536409858871,High Income
Puerto Rico,59,7.932203389830509,0.5254237288135594,0.1016949152542373,0.2711864406779661,0.1016949152542373,0.03389830508474576,0.3728813559322034,0.22033898305084745,0.2542372881355932,0.2711864406779661,0.6101694915254238,0.5423728813559322,0.1864406779661017,0.03389830508474576,0.01694915254237288,0.01694915254237288,0.6101694915254238,0.15254237288135594,0.559322033898305,0.03389830508474576,0.3728813559322034,0.0,0.0,0.13559322033898305,26435.74878578,35268.0791015719,0.33410554727857306,High Income
Romania,6,5.833333333333333,0.3333333333333333,0.16666666666666666,0.3333333333333333,0.0,0.0,0.3333333333333333,0.3333333333333333,0.0,0.16666666666666666,0.8333333333333334,0.5,0.0,0.0,0.0,0.0,0.5,0.16666666666666666,0.3333333333333333,0.0,0.3333333333333333,0.0,0.16666666666666666,0.3333333333333333,8399.5374234284,15557.8826247584,0.8522308837345725,High Income
Russian Federation,24,11.083333333333334,0.9166666666666666,0.16666666666666666,0.125,0.08333333333333333,0.0,0.4583333333333333,0.08333333333333333,0.041666666666666664,0.375,0.375,0.4166666666666667,0.16666666666666666,0.0,0.041666666666666664,0.041666666666666664,0.5,0.3333333333333333,0.5,0.041666666666666664,0.375,0.0,0.08333333333333333,0.20833333333333334,10674.990234375,15445.2421875,0.44686241845581315,High Income
Samoa,3,7.666666666666667,1.0,0.0,0.0,0.0,0.0,0.0,0.6666666666666666,0.3333333333333333,0.3333333333333333,0.3333333333333333,0.3333333333333333,0.0,0.0,0.0,0.0,0.0,0.0,0.6666666666666666,0.0,0.3333333333333333,0.0,0.0,0.0,3524.2479246203,3869.46639492144,0.09795521702359616,Lower-Middle Income
Saudi Arabia,1,4.0,0.0,0.0,0.0,0.0,0.0,0.0,0.0,0.0,0.0,0.0,1.0,0.0,0.0,0.0,0.0,0.0,0.0,0.0,0.0,0.0,0.0,0.0,0.0,22028.3790215788,34454.1957708412,0.5640822112734752,High Income
Serbia,7,7.571428571428571,0.2857142857142857,0.0,0.42857142857142855,0.0,0.0,0.42857142857142855,0.2857142857142857,0.2857142857142857,0.2857142857142857,0.5714285714285714,0.7142857142857143,0.2857142857142857,0.0,0.0,0.0,0.8571428571428571,0.0,0.5714285714285714,0.0,0.2857142857142857,0.0,0.0,0.2857142857142857,5970.92660940072,10022.9688543402,0.6786287137677899,Upper-Middle Income
Singapore,3,13.333333333333334,3.0,0.0,0.3333333333333333,0.3333333333333333,0.6666666666666666,0.0,0.6666666666666666,0.3333333333333333,0.6666666666666666,0.6666666666666666,0.6666666666666666,0.0,0.3333333333333333,0.3333333333333333,0.0,0.0,1.0,0.6666666666666666,0.0,0.6666666666666666,0.0,0.0,1.0,47236.683084953,88428.7024226232,0.8720345428062392,High Income
Slovakia,8,10.625,0.75,0.25,0.375,0.0,0.0,0.625,0.125,0.125,0.25,0.5,0.5,0.125,0.125,0.0,0.0,1.0,0.125,0.625,0.0,0.5,0.0,0.0,0.375,,,,Unknown
Somalia,4,16.0,0.5,0.0,0.25,0.0,0.0,0.25,0.0,0.0,0.25,1.0,0.5,0.0,0.0,0.0,0.0,1.0,0.25,1.0,0.0,0.25,0.0,0.0,0.5,219.202453852397,573.128092470162,1.6146061889256296,Low Income
South Africa,27,13.185185185185185,1.1111111111111112,0.1111111111111111,0.2222222222222222,0.1111111111111111,0.037037037037037035,0.25925925925925924,0.3333333333333333,0.18518518518518517,0.5185185185185185,0.6666666666666666,0.37037037037037035,0.18518518518518517,0.0,0.0,0.037037037037037035,0.6666666666666666,0.14814814814814814,0.6296296296296297,0.14814814814814814,0.5555555555555556,0.0,0.0,0.3333333333333333,7973.47195771517,6523.41097815853,-0.1818606733988139,Upper-Middle Income
Spain,152,13.473684210526315,0.9539473684210527,0.03289473684210526,0.19736842105263158,0.19736842105263158,0.18421052631578946,0.6052631578947368,0.17763157894736842,0.19078947368421054,0.13815789473684212,0.6118421052631579,0.40131578947368424,0.20394736842105263,0.006578947368421052,0.039473684210526314,0.013157894736842105,0.6578947368421053,0.13157894736842105,0.40789473684210525,0.02631578947368421,0.618421052631579,0.02631578947368421,0.0,0.17763157894736842,30658.7422282912,30287.3657583614,-0.012113232407398073,High Income
Sri Lanka,11,8.454545454545455,0.45454545454545453,0.18181818181818182,0.09090909090909091,0.09090909090909091,0.0,0.45454545454545453,0.09090909090909091,0.09090909090909091,0.18181818181818182,0.6363636363636364,0.7272727272727273,0.0,0.09090909090909091,0.09090909090909091,0.0,0.6363636363636364,0.18181818181818182,0.7272727272727273,0.0,0.5454545454545454,0.0,0.09090909090909091,0.18181818181818182,2808.36779237408,3342.71989646203,0.19027141157897642,Lower-Middle Income
Sweden,24,10.916666666666666,1.7916666666666667,0.25,0.375,0.041666666666666664,0.0,0.0,0.08333333333333333,0.041666666666666664,0.5833333333333334,0.5416666666666666,0.5416666666666666,0.041666666666666664,0.08333333333333333,0.0,0.25,0.5833333333333334,0.041666666666666664,0.5416666666666666,0.0,0.16666666666666666,0.0,0.0,0.625,52542.8274141037,55296.9371472535,0.05241647373568116,High Income
Switzerland,32,6.59375,0.71875,0.375,0.09375,0.1875,0.03125,0.28125,0.125,0.21875,0.15625,0.625,0.125,0.0625,0.09375,0.03125,0.0625,0.625,0.0625,0.375,0.03125,0.375,0.0,0.0,0.25,76531.3729407691,93245.7952120851,0.21839961350558815,High Income
Syrian Arab Republic,13,9.0,1.1538461538461537,0.15384615384615385,0.46153846153846156,0.07692307692307693,0.0,0.15384615384615385,0.07692307692307693,0.3076923076923077,0.3076923076923077,0.6153846153846154,0.5384615384615384,0.07692307692307693,0.07692307692307693,0.07692307692307693,0.0,0.8461538461538461,0.15384615384615385,0.3076923076923077,0.0,0.23076923076923078,0.0,0.0,0.23076923076923078,2730.61477118949,1051.67149587463,-0.6148590760693393,Lower-Middle Income
Thailand,70,10.128571428571428,2.085714285714286,0.05714285714285714,0.1,0.38571428571428573,0.6142857142857143,0.37142857142857144,0.45714285714285713,0.2571428571428571,0.6285714285714286,0.4,0.14285714285714285,0.17142857142857143,0.11428571428571428,0.1,0.02857142857142857,0.22857142857142856,0.5571428571428572,0.38571428571428573,0.0,0.5142857142857142,0.014285714285714285,0.014285714285714285,0.07142857142857142,4973.86288823778,6909.35997481451,0.38913358290470873,Upper-Middle Income
Trinidad and Tobago,2,7.5,0.0,0.0,0.0,0.0,0.0,0.0,0.5,0.0,0.0,0.5,0.0,0.0,0.0,0.0,0.0,1.0,0.5,0.0,0.0,1.0,0.0,0.0,0.0,16815.424737361,22004.1997884125,0.30857234545630763,High Income
Tunisia,12,10.916666666666666,0.8333333333333334,0.08333333333333333,0.08333333333333333,0.08333333333333333,0.0,0.6666666666666666,0.08333333333333333,0.0,0.08333333333333333,0.5833333333333334,0.6666666666666666,0.0,0.08333333333333333,0.08333333333333333,0.0,0.8333333333333334,0.16666666666666666,0.3333333333333333,0.0,0.5833333333333334,0.0,0.4166666666666667,0.3333333333333333,4291.86120891575,3678.40023411347,-0.1429358837438403,Lower-Middle Income
Turkey,43,11.767441860465116,0.8837209302325582,0.16279069767441862,0.16279069767441862,0.06976744186046512,0.0,0.32558139534883723,0.2558139534883721,0.18604651162790697,0.3488372093023256,0.6046511627906976,0.4418604651162791,0.20930232558139536,0.06976744186046512,0.11627906976744186,0.11627906976744186,0.6744186046511628,0.11627906976744186,0.46511627906976744,0.0,0.4883720930232558,0.0,0.0,0.16279069767441862,,,,Unknown
Ukraine,21,8.714285714285714,0.7619047619047619,0.42857142857142855,0.23809523809523808,0.14285714285714285,0.0,0.5238095238095238,0.14285714285714285,0.09523809523809523,0.19047619047619047,0.7142857142857143,0.2857142857142857,0.23809523809523808,0.047619047619047616,0.0,0.19047619047619047,0.8571428571428571,0.0,0.5714285714285714,0.047619047619047616,0.6190476190476191,0.0,0.047619047619047616,0.5238095238095238,3039.63232421875,4199.6708984375,0.3816377938134029,Upper-Middle Income
United Kingdom of Great Britain and Northern Ireland,17,7.411764705882353,0.9411764705882353,0.058823529411764705,0.058823529411764705,0.0,0.058823529411764705,0.35294117647058826,0.0,0.0,0.4117647058823529,0.5882352941176471,0.29411764705882354,0.058823529411764705,0.0,0.058823529411764705,0.058823529411764705,0.4117647058823529,0.17647058823529413,0.6470588235294118,0.0,0.23529411764705882,0.0,0.0,0.4117647058823529,,,,Unknown
United States,267,8.280898876404494,0.7752808988764045,0.12734082397003746,0.2808988764044944,0.11610486891385768,0.09363295880149813,0.2247191011235955,0.12359550561797752,0.12359550561797752,0.29213483146067415,0.5430711610486891,0.3707865168539326,0.10112359550561797,0.02247191011235955,0.0449438202247191,0.0599250936329588,0.7191011235955056,0.18352059925093633,0.50187265917603,0.03745318352059925,0.4307116104868914,0.003745318352059925,0.011235955056179775,0.30337078651685395,48650.6643227232,78035.1753604212,0.6039899238122719,High Income
Uruguay,1,18.0,0.0,0.0,0.0,0.0,0.0,0.0,0.0,0.0,0.0,1.0,1.0,0.0,0.0,0.0,0.0,1.0,0.0,1.0,0.0,0.0,0.0,0.0,0.0,12641.0576849008,20691.9738991763,0.6368862807968968,High Income
Uzbekistan,2,11.5,0.0,0.0,0.5,0.0,0.0,1.0,0.0,0.5,0.0,1.0,1.0,0.0,0.0,0.0,0.0,1.0,0.0,1.0,0.0,1.0,0.0,0.0,0.0,1753.20730243278,2578.66689394219,0.47082828731319376,Lower-Middle Income
Venezuela (Bolivarian Republic of),8,6.0,0.25,0.0,0.0,0.375,0.0,0.25,0.0,0.125,0.25,0.75,0.375,0.125,0.0,0.125,0.0,0.625,0.25,0.625,0.0,0.375,0.0,0.0,0.375,,,,Unknown
Viet Nam,66,11.015151515151516,1.3484848484848484,0.015151515151515152,0.2878787878787879,0.19696969696969696,0.5757575757575758,0.3333333333333333,0.4696969696969697,0.36363636363636365,0.4090909090909091,0.3787878787878788,0.3939393939393939,0.24242424242424243,0.015151515151515152,0.19696969696969696,0.10606060606060606,0.3939393939393939,0.25757575757575757,0.45454545454545453,0.0,0.5757575757575758,0.0,0.0,0.06060606060606061,1683.16182443979,4116.38576094153,1.4456268560579992,Upper-Middle Income
Yemen,1,10.0,0.0,0.0,0.0,0.0,0.0,1.0,0.0,0.0,0.0,1.0,1.0,0.0,0.0,0.0,0.0,1.0,0.0,1.0,0.0,1.0,0.0,0.0,0.0,,,,Unknown
Zimbabwe,1,12.0,0.0,0.0,0.0,0.0,0.0,0.0,0.0,0.0,0.0,1.0,0.0,0.0,0.0,0.0,0.0,0.0,0.0,0.0,0.0,1.0,0.0,0.0,0.0,901.554443558321,2040.55245910726,1.263371306843609,Lower-Middle Income
