cuisine,Calories,Fat,Carbs,Protein,num_ingredients,luxury_score,Life expectancy at birth (years),Healthy life expectancy at birth (years),UHC: Service coverage index,Obesity_Adult_18plus,cluster,PCA1,PCA2,cluster_str
Afghanistan,454.6,14.4,63.8,19.0,10.0,0.8,59.1269035339,51.3129119873,40.8846092224,19.2225894928,3,-3.419574076964909,-1.6191598416503028,3
Algeria,303.55555555555554,13.222222222222221,34.44444444444444,12.333333333333334,14.0,0.2222222222222222,75.9776535034,66.3752059937,74.1116409302,23.81498909,4,0.6326270502065131,-0.289566920975916,4
Argentina,309.8965517241379,18.9,26.633333333333333,8.833333333333334,8.733333333333333,0.23333333333333334,77.5779037476,64.7943649292,78.5253677368,35.3552017212,4,0.9934243196841613,-0.04998377809747488,4
Armenia,348.8125,17.0,36.4375,13.25,7.375,0.375,68.5985107422,64.0133056641,68.193107605,24.5090408325,4,-0.2747261846799816,-0.5223888441067548,4
Australia,312.8235294117647,15.055555555555555,32.166666666666664,12.555555555555555,12.944444444444445,1.8333333333333333,84.897819519,70.6063613892,86.7787780762,30.2439098358,2,2.3999531768284217,1.183017551683365,2
Austria,364.3888888888889,15.555555555555555,44.833333333333336,12.0,8.38888888888889,1.0,78.6594619751,70.4923019409,84.5330429077,15.3675403595,2,1.252568648150394,0.9625040558715094,2
Bahamas,503.25,17.5,57.25,31.0,9.0,0.0,73.4727935791,63.1830024719,77.1948471069,47.2575416565,1,-1.3728508162933017,1.7832939265137886,1
Bangladesh,331.6666666666667,16.25,25.583333333333332,21.666666666666668,26.75,2.25,73.1025161743,63.1417770386,51.6194801331,5.30312013626,3,-0.47162480845888116,-0.602300370247616,3
Barbados,530.0,33.0,52.0,7.0,4.0,1.0,78.408782959,66.2138061523,76.9212799072,38.0247993469,1,-0.12266287087388952,2.08593496990382,1
Belarus,162.0,6.0,23.0,5.0,6.0,2.0,73.1232452393,63.7076225281,78.5676269531,21.3746204376,4,2.4095505195569493,-1.6968452501010434,4
Belgium,441.42105263157896,21.263157894736842,52.473684210526315,12.31578947368421,7.0,0.5789473684210527,79.2852325439,69.7946777344,85.5924301147,20.0253696442,2,0.5700185207115195,1.692194312012004,2
Belize,271.3333333333333,10.333333333333334,30.0,14.333333333333334,10.0,0.3333333333333333,73.3205566406,64.7009658813,67.6039428711,42.3228683472,4,0.6700852026365677,-0.812841762218331,4
Bhutan,538.0,25.0,61.0,22.0,14.0,0.0,74.8764266968,64.5910110474,60.421710968,12.1773099899,1,-2.1599473639434708,1.4341117789751807,1
Bolivia (Plurinational State of),705.0,22.0,96.5,30.0,13.0,0.0,62.8742141724,58.7945518494,65.062286377,28.6803703308,1,-4.378108153860197,2.03242604487373,1
Bosnia and Herzegovina,82.0,8.0,1.0,2.0,3.0,3.0,72.5552520752,63.8795089722,66.4711227417,21.1939105988,4,3.1905399224711846,-2.579698639897574,4
Brazil,331.8333333333333,15.75,36.291666666666664,13.541666666666666,6.708333333333333,0.5,69.0441131592,61.8265342712,80.4168777466,28.1418399811,4,0.10963734715906298,-0.39543099034951895,4
Bulgaria,265.6666666666667,12.666666666666666,29.666666666666668,10.0,8.333333333333334,0.0,71.3058624268,60.4222488403,73.4856033325,20.5876407623,4,0.250921493489051,-1.3491850885233632,4
Cambodia,252.2,10.8,31.0,11.2,8.4,1.6,68.9239959717,61.9665412903,57.9848899841,4.36388015747,4,0.2883917466795436,-1.7612464954360312,4
Canada,335.141975308642,16.99390243902439,32.21951219512195,14.146341463414634,8.50609756097561,0.9329268292682927,83.8149795532,68.9299316406,91.0379180908,26.2271194458,2,1.8692034323975033,1.2430865610624333,2
Central African Republic,538.0,25.0,61.0,22.0,14.0,0.0,55.3790016174,43.784740448,32.261920929,9.2961397171,3,-5.597981610048957,-1.7689792688359092,3
Chile,295.9,14.791666666666666,28.041666666666668,12.5,12.583333333333334,0.75,76.6899871826,67.0538635254,82.2782211304,38.9146118164,4,1.3725289730411026,0.15003564598249136,4
China,363.61971830985914,18.051643192488264,27.610328638497652,22.64788732394366,13.070422535211268,1.3849765258215962,77.6161956787,70.076499939,81.0355072021,8.27952957153,2,0.8767994342921183,1.100126242613967,2
Colombia,405.9,29.1,30.5,7.3,10.9,0.9,74.5329742432,63.290851593,79.5732574463,23.6154708862,2,0.14322659789600395,0.6041647325957128,2
Costa Rica,883.0,19.333333333333332,140.33333333333334,38.666666666666664,5.666666666666667,0.6666666666666666,81.5060272217,69.0520095825,81.081413269,31.3876094818,1,-3.3143693024697423,5.912957385867222,1
Croatia,337.0,17.5,29.0,16.5,8.0,0.5,73.7773208618,68.4908065796,80.1518707275,30.6165790558,4,0.7956974917948945,0.4376532066565865,4
Cuba,380.02941176470586,18.434782608695652,27.71014492753623,22.942028985507246,10.565217391304348,0.36231884057971014,71.1259536743,63.4334907532,82.8073806763,21.7609291077,4,-0.21749909780403054,0.41222671530437976,4
Cyprus,308.0,18.5,25.0,12.5,7.5,1.5,81.9127426147,70.7423782349,80.6861724854,22.9365291595,2,2.035759953585594,0.8295830022447463,2
Denmark,293.1666666666667,15.375,33.208333333333336,6.416666666666667,11.541666666666666,1.9583333333333333,82.9009170532,69.7279891968,81.9640808105,13.2785100937,2,2.293770055208709,0.4692483493449133,2
Dominican Republic,432.5,17.25,49.0,21.125,10.875,0.5,73.3210296631,63.5625495911,76.9829483032,29.3400497437,4,-0.5971781847430385,0.8674150925741421,4
Ecuador,226.0,11.0,17.0,13.0,6.5,0.0,70.9506835938,66.0667648315,76.6336975098,27.3785495758,4,1.1374698926442264,-1.173558723849247,4
Egypt,337.89473684210526,19.31578947368421,33.421052631578945,8.842105263157896,17.36842105263158,1.4736842105263157,66.6899871826,59.6742477417,70.2332992554,44.270198822,4,-0.1367388292980405,-0.7547046208456577,4
El Salvador,292.3333333333333,13.5,23.5,20.083333333333332,6.833333333333333,0.25,71.6670379639,62.1960983276,78.0408630371,30.8800296783,4,0.3510778932640634,-0.4855271830841375,4
Ethiopia,306.85714285714283,17.928571428571427,24.214285714285715,12.785714285714286,17.5,0.0,67.8390884399,58.0477867126,35.1427383423,2.82277011871,3,-1.8534507972197567,-2.380970401374768,3
Finland,352.75,16.75,37.35,11.2,13.7,1.3,84.0616378784,68.8416976929,85.6791534424,21.5090694427,2,1.6794419861960719,1.1146997955289812,2
France,450.0914634146341,26.865853658536587,33.48780487804878,18.3109756097561,10.451219512195122,1.8170731707317074,79.0762405396,70.9847793579,84.7905273438,9.6984796524,2,0.8111724439804725,2.106022650169728,2
Georgia,548.3333333333334,29.666666666666668,55.666666666666664,23.333333333333332,4.333333333333333,0.3333333333333333,75.5998077393,59.5941505432,68.2266693115,34.6596298218,1,-1.9114864893082264,1.8462122307796769,1
Germany,333.8310810810811,17.08053691275168,31.51006711409396,13.463087248322148,9.167785234899329,0.8859060402684564,82.8591766357,68.4348602295,87.9626083374,20.4037094116,2,1.6560707278509241,0.9830371539407357,2
Greece,325.8758389261745,19.90268456375839,25.812080536912752,13.312080536912752,10.083892617449665,0.5838926174496645,79.5978469849,67.7871627808,77.1872787476,27.9815006256,2,1.0862546790862813,0.5158240893767929,2
Guatemala,296.4,11.0,43.8,7.2,7.0,0.2,65.645149231,61.0439605713,58.6823692322,26.8102397919,4,-0.4830044144774739,-1.7998971866632816,4
Guinea,396.0,24.0,42.0,11.0,10.0,0.0,59.9466438293,53.3483734131,39.9243392944,9.5341796875,3,-3.075378975575131,-2.0606220806127853,3
Guyana,265.6666666666667,12.666666666666666,28.666666666666668,10.0,7.666666666666667,0.6666666666666666,66.0777511597,56.8207092285,75.9315490723,28.4577407837,4,0.0945720245408371,-1.6799469000563207,4
Haiti,460.3333333333333,24.166666666666668,47.5,15.0,8.333333333333334,0.5,61.699672699,53.9361953735,54.1373214722,10.6892299652,3,-2.7731170583290754,-0.9630358702342963,3
Honduras,451.0,21.0,53.25,14.5,8.5,0.5,70.5326309204,59.588394165,64.308807373,29.4924201965,4,-1.3707437040318395,0.17012578113628518,4
Hungary,374.27272727272725,20.90909090909091,30.227272727272727,17.09090909090909,14.818181818181818,2.0,70.944229126,66.7041931152,79.4574584961,31.7039299011,2,0.5964421389045423,0.7055646343749439,2
Iceland,262.25,10.75,19.25,21.75,9.75,1.25,81.3297424316,71.3704833984,88.918296814,21.2344093323,2,2.311971764550607,0.7373785359230889,2
India,357.94736842105266,18.142105263157895,33.76842105263158,17.173684210526314,17.410526315789475,1.0947368421052632,67.3078079224,58.1467475891,63.3342704773,7.2678899765,3,-1.178565207410745,-0.9322555224368226,3
Indonesia,443.84,23.48,37.28,24.72,18.6,1.88,70.1775436401,59.8872909546,54.7766304016,11.2278699875,3,-1.6568979786612386,0.2524919617645934,3
Iran (Islamic Republic of),353.7142857142857,17.363636363636363,34.65909090909091,16.5,9.840909090909092,0.45454545454545453,74.7107772827,63.9713516235,74.3083267212,24.2665901184,4,0.0952050958701738,0.13103973869534033,4
Iraq,236.33333333333334,7.666666666666667,32.666666666666664,10.0,6.333333333333333,0.0,71.4663238525,59.9660072327,58.5078887939,40.4852485657,4,0.23505374196599346,-1.9361631207707037,4
Ireland,365.60869565217394,17.0,39.25,12.791666666666666,13.708333333333334,1.625,83.3508682251,70.0031814575,82.6755905151,28.3465499878,2,1.665381048445675,1.3324352411316724,2
Israel,261.55,11.142857142857142,34.523809523809526,7.9523809523809526,7.380952380952381,0.14285714285714285,82.3866195679,70.0781784058,85.4991989136,22.4907093048,4,2.0664237729058113,0.13925634646700344,4
Italy,370.37610619469024,19.704845814977972,31.374449339207047,16.45374449339207,9.625550660792952,1.2334801762114538,79.9756317139,70.5646514893,83.8360366821,17.2918605804,2,1.2996321813893974,1.286407584624748,2
Jamaica,324.40425531914894,15.5625,27.854166666666668,19.0,12.9375,0.6666666666666666,72.772605896,60.5411262512,74.1445465088,33.80701828,4,0.006729145394453115,-0.3198029328124721,4
Japan,333.8354430379747,16.4,31.75,15.95,11.05625,0.925,87.1580352783,73.3951873779,83.4883117676,5.5392999649,2,1.9207578385758597,1.4021481117682026,2
Jordan,346.0,12.0,44.0,17.0,5.0,0.0,74.5687789917,64.5182037354,64.9074783325,38.5069999695,4,-0.05120810913804348,-0.16925364274756777,4
Kuwait,26.0,0.0,6.0,0.0,4.0,1.0,81.7506408691,68.3544998169,77.8149185181,41.4169692993,4,4.225549064144589,-2.2454261662361463,4
Latvia,349.0,15.333333333333334,45.333333333333336,9.666666666666666,4.666666666666667,0.6666666666666666,77.897277832,60.7763710022,74.6274490356,24.2724990845,4,0.393017016345797,-0.11153973413615502,4
Lebanon,248.90740740740742,12.925925925925926,24.90740740740741,10.925925925925926,10.296296296296296,0.5,71.2497940063,64.4004974365,72.6196899414,29.7815608978,4,0.8222159162625216,-1.066611490330393,4
Liberia,318.0,25.0,6.0,19.0,9.0,1.0,64.2688369751,53.9609985352,44.7096595764,17.0137691498,3,-1.6178903228284942,-1.9387224274457928,3
Lithuania,429.3333333333333,19.571428571428573,45.42857142857143,11.0,6.714285714285714,0.14285714285714285,74.1331481934,64.2281341553,75.3157424927,25.3553199768,4,-0.23749886923826263,0.4356233441915794,4
Malaysia,422.1,25.066666666666666,26.533333333333335,24.333333333333332,16.766666666666666,1.9333333333333333,72.8101043701,62.9917411804,75.9927368164,22.095369339,2,-0.3173936343371229,1.0551764315871384,2
Mali,59.0,0.0,15.0,0.0,5.0,1.0,62.2896156311,54.0028305054,41.2800102234,11.3726396561,4,0.5166932528233281,-5.172210324370053,4
Malta,827.0,30.0,80.0,55.0,10.5,1.0,83.7301177979,70.7127914429,85.2370376587,32.2879905701,1,-2.625602064037896,6.392815022008116,1
Mexico,362.456,17.82,32.032,19.412,8.48,0.456,74.6895217896,59.4921607971,74.5478286743,36.0299110413,4,-0.20747159521130834,0.07560172861773838,4
Mongolia,322.2142857142857,14.285714285714286,31.142857142857142,18.428571428571427,14.285714285714286,1.5,70.0979537964,61.3131637573,64.9510421753,24.1087398529,4,-0.13551536682554124,-0.6674338797617106,4
Morocco,372.0416666666667,12.708333333333334,44.166666666666664,21.291666666666668,23.541666666666668,0.2916666666666667,71.5359573364,62.3396530151,69.4520187378,21.7843494415,3,-0.9685697699429962,-0.16043393437251377,3
Myanmar,458.8333333333333,22.666666666666668,41.5,23.0,11.166666666666666,1.0,71.1462783813,61.692943573,52.4471206665,7.42634010315,3,-1.7495576530400763,0.2368722210073907,3
New Zealand,214.11764705882354,10.176470588235293,29.88235294117647,4.0588235294117645,17.764705882352942,2.176470588235294,82.2014923096,70.3457794189,84.8329086304,33.6213111877,2,3.0742226296959503,-0.018387403936781694,2
Nicaragua,243.0,14.0,29.0,4.0,2.0,0.0,75.027961731,64.6144943237,70.3147125244,33.6272888184,4,1.1871240034801713,-1.1305053326551222,4
Nigeria,466.5,18.0,52.25,23.75,5.75,0.25,62.067024231,54.9497947693,38.4234085083,12.3562097549,3,-3.346433288472237,-1.1370912648926634,3
Norway,274.85714285714283,12.380952380952381,35.04761904761905,7.142857142857143,10.666666666666666,2.0952380952380953,81.5030212402,71.181892395,87.031791687,19.146440506,2,2.68158830641724,0.5189486594067445,2
Pakistan,392.82142857142856,20.535714285714285,33.92857142857143,19.0,23.035714285714285,1.0714285714285714,65.9909210205,56.6922798157,45.2095909119,23.0065002441,3,-2.1409639450019204,-1.1322397350787854,3
Panama,495.5,14.5,55.5,36.0,8.0,0.0,74.352684021,65.2787094116,78.2197418213,36.071018219,1,-1.2282736579324183,1.92187971883792,1
Paraguay,311.0,14.0,40.0,6.0,3.0,0.0,73.1644287109,60.8781394958,72.2722473145,32.9591903687,4,0.3380704240136792,-0.9164614200132165,4
Peru,400.94736842105266,18.75,37.65,19.9,12.625,0.3,71.6672668457,62.9869308472,71.1089477539,27.2884292603,4,-0.7184905239892986,0.25891099894747,4
Philippines,376.7083333333333,21.75,21.583333333333332,23.916666666666668,8.041666666666666,0.5833333333333334,66.4083404541,60.7510871887,58.2122612,8.74172973633,3,-1.3670760105907558,-0.6161194659414717,3
Poland,437.95652173913044,26.52173913043478,32.65217391304348,17.08695652173913,11.73913043478261,1.0,71.5530395508,63.0759925842,82.0058670044,27.4997005463,2,-0.34491065569111473,0.9839882397895895,2
Portugal,411.9824561403509,21.719298245614034,32.59649122807018,21.94736842105263,10.263157894736842,0.6842105263157895,81.1796112061,69.5192718506,87.9082107544,21.7911090851,2,0.7891876590287169,1.8786690157253711,2
Romania,504.1666666666667,37.0,26.5,17.333333333333332,5.833333333333333,0.3333333333333333,69.2089614868,61.6405601501,78.3933486938,34.0397109985,1,-1.2345371187378327,1.3551301779732465,1
Russian Federation,237.47826086956522,14.0,25.541666666666668,6.375,11.125,0.9166666666666666,65.5714645386,63.6248970032,79.1590194702,24.1948204041,4,0.8665743271733668,-1.4269301688654084,4
Samoa,349.0,20.666666666666668,40.333333333333336,4.333333333333333,7.666666666666667,1.0,70.2737197876,61.5702819824,55.1279716492,62.4293899536,4,-0.07096411927226487,-0.7048404849847903,4
Saudi Arabia,528.0,21.0,55.0,29.0,4.0,0.0,77.3684997559,65.7972640991,74.367401123,40.5990791321,1,-1.0674104708290553,2.208989438163369,1
Serbia,322.0,19.0,19.857142857142858,17.571428571428573,7.571428571428571,0.2857142857142857,75.6215515137,62.3560791016,71.6723632813,22.5079193115,4,0.21102558546518607,-0.2513400207222,4
Singapore,477.3333333333333,32.0,24.333333333333332,25.333333333333332,13.333333333333334,3.0,83.8570861816,72.3658981323,88.5146484375,13.8766298294,2,1.3165308794180102,3.28443544190391,2
Slovakia,366.875,21.875,30.125,13.5,10.625,0.75,71.1250915527,64.9412841797,81.754447937,26.8242492676,4,0.2681300362333284,0.3268635236130792,4
Somalia,337.75,13.75,43.75,9.75,16.0,0.5,56.3325195313,47.4233856201,26.7909507751,14.6138296127,3,-3.407637639305064,-3.7011821732429184,3
South Africa,312.51851851851853,15.0,35.2962962962963,10.851851851851851,13.222222222222221,1.1111111111111112,61.4991874695,51.669052124,70.9511032104,30.8197097778,4,-1.0167537854334652,-1.8913092919960568,4
Spain,386.9931506849315,19.539473684210527,32.61842105263158,18.532894736842106,13.5,0.9539473684210527,79.9862976074,71.8339157104,85.2563400269,15.6691303253,2,1.0839931360341006,1.5146466896889998,2
Sri Lanka,329.8181818181818,16.363636363636363,35.27272727272727,12.363636363636363,8.454545454545455,0.45454545454545453,74.1582946777,66.728263855,66.739982605,10.5636396408,4,0.2351055313738656,-0.3314209739430093,4
Sweden,336.04347826086956,21.208333333333332,23.666666666666668,12.75,11.083333333333334,1.7916666666666667,84.31275177,71.1183242798,85.2498703003,15.2670097351,2,2.121048030871375,1.316020180212906,2
Switzerland,383.40625,23.09375,25.15625,18.875,6.59375,0.71875,85.1147994995,71.1491622925,86.3357620239,12.111410141,2,1.4039126960653021,1.8107904670967072,2
Syrian Arab Republic,283.53846153846155,13.0,32.46153846153846,10.0,9.0,1.1538461538461537,70.5609054565,62.7561721802,64.1285171509,33.9417190552,4,0.5077037118930844,-1.0995773259459527,4
Thailand,384.45714285714286,20.614285714285714,33.371428571428574,20.285714285714285,10.157142857142857,2.085714285714286,78.9681625366,65.756729126,81.9784622192,15.3846101761,2,0.8586829164433635,1.274959981146792,2
Trinidad and Tobago,261.0,22.0,4.0,11.5,7.5,0.0,75.1530609131,63.9254264832,75.0048980713,28.0527801514,4,0.9444658161527604,-0.684162642670426,4
Tunisia,222.16666666666666,9.25,21.583333333333332,14.166666666666666,11.083333333333334,0.8333333333333334,71.5119400024,64.3753814697,67.137046814,26.8322296143,4,0.9247514607978662,-1.3816738109368223,4
Ukraine,367.04761904761904,19.095238095238095,34.76190476190476,15.523809523809524,8.714285714285714,0.7619047619047619,66.3338012695,61.5521583557,75.5077209473,23.6347904205,4,-0.46779194629664855,-0.3217224594812167,4
Uruguay,133.0,14.0,1.0,0.0,18.0,0.0,71.2471847534,66.8634719849,81.5299682617,33.343788147,4,2.119797547314423,-1.9920211866515334,4
Uzbekistan,587.0,19.5,88.5,21.5,11.5,0.0,70.1640625,62.7023963928,74.8412704468,30.0284500122,1,-2.424650800074479,1.882884745099779,1
Venezuela (Bolivarian Republic of),233.0,8.875,27.125,12.375,6.0,0.25,75.9495391846,62.0461578369,75.1345977783,22.7159194946,4,1.0419312536366774,-1.1468956666091774,4
Viet Nam,411.1969696969697,18.424242424242426,39.36363636363637,23.09090909090909,11.06060606060606,1.3484848484848484,69.7252426147,67.9841690063,68.0840072632,2.01573991776,2,-0.5088621177903144,0.5526039154037744,2
Yemen,262.0,8.0,23.0,22.0,10.0,0.0,63.0885276794,57.2241172791,42.4872016907,13.653719902,3,-1.5475978023852346,-2.7138681190099683,3
Zimbabwe,266.0,15.0,24.0,12.0,12.0,0.0,58.4810218811,50.1810264587,55.0428390503,14.2107801437,3,-1.9307142715856156,-3.1449410300252305,3
